year,rank,city,med_park_size_data,med_park_size_points,park_pct_city_data,park_pct_city_points,pct_near_park_data,pct_near_park_points,spend_per_resident_data,spend_per_resident_points,basketball_data,basketball_points,dogpark_data,dogpark_points,playground_data,playground_points,rec_sr_data,rec_sr_points,restroom_data,restroom_points,splashground_data,splashground_points,amenities_points,total_points,total_pct,city_dup,park_benches,latitude,longitude
2020,1,Minneapolis,5.7,26,15%,38,98%,98,$319,100,3.5,47,1.7,65,4.1,73,2.3,100,2.9,91,4,100,79.3,341,85.3,Minneapolis,,44.9635,-93.2678
2020,2,Washington,1.4,5,24%,50,98%,98,$307,100,6.3,100,2,81,1.9,21,2.2,100,2.6,80,4.1,100,80.3,333,83.3,"Washington, D.C.",,38.9047,-77.0163
2020,3,St.,3.2,14,15%,39,99%,99,$219,100,7.7,100,1.3,49,4,72,1.7,100,3.2,100,1.3,47,78,330,82.5,St. Paul,,38.6359,-90.2451
2020,4,Arlington,2.4,10,11%,28,99%,99,$301,100,7.9,100,3.5,100,4.4,80,1.1,76,3.1,97,2.2,81,89,326,81.5,"Arlington, Virginia",,32.6998,-97.125
2020,5,Cincinnati,4.4,20,14%,36,82%,74,$190,100,8.7,100,1.6,63,4.9,94,1.5,100,3.2,98,4.5,100,92.5,323,80.6,Cincinnati,,39.1413,-84.506
2020,6,Portland,4.9,22,18%,47,90%,85,$250,100,3.4,45,5.8,100,2.1,28,0.6,38,6.1,100,2.1,79,65,319,79.8,Portland,,45.5371,-122.65
2020,7,Irvine,6.1,28,27%,50,82%,73,$215,100,17.4,100,0.4,4,4.3,77,1.7,100,3.2,98,0.7,25,67.3,318,79.6,Irvine,,33.6772,-117.7738
2020,8,San,1.3,4,21%,50,100%,100,$399,100,4.2,61,4.1,100,2.9,46,0.8,52,2.4,75,1,36,61.7,316,78.9,San Francisco,,37.7558,-122.4449
2020,9,Boston,1.4,4,17%,45,100%,100,$162,92,3.8,53,1.9,76,4,70,0.9,63,1,29,10.3,100,65.2,306,76.5,Boston,,42.3188,-71.0852
2020,10,Chicago,2.2,9,10%,24,98%,98,$179,100,4.7,70,1,35,3.6,61,1.8,100,2.4,73,8.8,100,73.2,304,76,Chicago,,41.8375,-87.6866
2020,11,New,1.1,3,21%,50,99%,99,$232,100,4.1,58,1.7,66,2.1,27,0.1,1,0.8,23,6.9,100,45.8,298,74.5,New York,,40.6943,-73.9249
2020,12,Madison,4.7,21,14%,36,95%,93,$134,74,10.5,100,3,100,7,100,0.1,1,2.7,85,1.1,41,71.2,295,73.8,Madison,,43.0822,-89.393
2020,13,St.,2.3,9,10%,23,98%,97,$199,100,2.8,34,1.9,78,2.9,45,0.6,41,2.4,73,2.6,97,61.3,290,72.6,St. Louis,,38.6359,-90.2451
2020,14,Seattle,2.4,10,13%,32,96%,95,$320,100,3.3,43,1.9,78,2.1,26,0.7,47,2.4,73,1.2,45,52,289,72.3,Seattle,,47.6211,-122.3244
2020,15,Pittsburgh,2.2,9,10%,26,92%,88,$142,79,6.1,95,2.3,94,3.9,68,1.7,100,0.6,14,9.1,100,78.5,281,70.1,Pittsburgh,,40.4397,-79.9763
2020,15,Philadelphia,3,12,13%,33,95%,93,$138,77,4.9,73,0.5,10,2.8,43,2.3,100,2.2,66,5.8,100,65.3,280,70.1,Philadelphia,,40.0077,-75.1339
2020,17,Plano,13.5,50,10%,25,75%,63,$226,100,7.1,100,1,34,2.3,32,0.3,19,1.5,45,0.7,22,42,280,70,Plano,,33.0502,-96.7486
2020,18,San,6.8,32,19%,50,81%,71,$153,86,2.8,35,1.2,44,2.4,33,1,65,1.5,44,0.1,2,37.2,276,69,San Diego,,37.7558,-122.4449
2020,19,St.,3.5,15,16%,40,75%,63,$148,83,4.1,58,2.3,94,3.4,58,1.2,82,4.7,100,1.1,40,72,273,68.3,St. Petersburg,,38.6359,-90.2451
2020,20,New,2,8,26%,50,80%,70,$165,94,3.3,44,0.8,23,4.8,91,0.7,47,2.6,81,0.3,6,48.7,271,67.7,New Orleans,,40.6943,-73.9249
2020,21,Boise,7.3,34,9%,23,69%,53,$172,98,2.2,23,6,100,3.4,56,1,66,2.8,87,0.9,31,60.5,269,67.1,Boise,,43.6005,-116.2308
2020,22,Denver,6.7,31,8%,20,91%,86,$130,72,4.8,71,1.8,71,3.6,61,0.8,54,1.2,35,1.6,60,58.7,268,66.9,Denver,,39.762,-104.8758
2020,23,Long,3.2,14,10%,25,84%,76,$180,100,1.6,13,2.1,85,1.4,10,1.3,88,3.7,100,0.2,4,50,265,66.3,Long Beach,,33.7977,-118.167
2020,24,Aurora,8,37,11%,27,88%,82,$149,84,1.6,13,1.1,37,2.2,28,0.2,11,1.7,51,1.3,48,31.3,261,65.3,Aurora,,39.7083,-104.7237
2020,25,Lincoln,6.4,30,7%,16,92%,88,$108,58,8.7,100,1.4,52,4.6,85,0.6,39,4,100,0.7,23,66.5,259,64.6,Lincoln,,40.8099,-96.6784
2020,26,Virginia,5.2,24,18%,46,68%,51,$185,100,3.3,44,0.7,18,4.1,74,0.3,17,2.1,65,0.2,5,37.2,258,64.5,Virginia Beach,,36.7335,-76.0435
2020,27,Henderson,5.8,26,13%,34,60%,38,$141,78,8.2,100,5.2,100,2.9,45,0.5,32,4.7,100,5.5,100,79.5,256,63.9,Henderson,,36.0133,-115.0381
2020,28,Milwaukee,4.6,21,9%,23,90%,86,$112,61,5.7,89,0.5,11,3.9,68,0.9,61,5,100,1.5,56,64.2,255,63.8,Milwaukee,,43.0642,-87.9675
2020,29,Cleveland,3.9,17,7%,15,83%,75,$137,76,6.1,96,0.8,24,3.7,64,1.2,79,1,29,10.6,100,65.3,248,62.1,Cleveland,,41.4764,-81.6805
2020,30,Sacramento,5.4,25,9%,21,83%,75,$122,67,1.6,12,3,100,4.2,75,0.6,41,1.1,33,4.5,100,60.2,248,62,Sacramento,,38.5677,-121.4685
2020,31,Raleigh,6.7,31,13%,33,58%,36,$157,88,5.2,80,1.3,47,2.2,29,1.6,100,2.1,63,1.1,38,59.5,248,61.9,Raleigh,,35.8324,-78.6429
2020,32,Kansas,11.7,50,9%,22,70%,54,$132,73,2.7,32,0.8,24,4.4,81,0.4,25,0.8,23,3,100,47.5,247,61.6,Kansas City,,39.1238,-94.5541
2020,33,Fremont,6.4,30,49%,50,70%,54,$114,62,2.1,21,2.2,89,2.2,29,0.5,32,4.2,100,0.4,13,47.3,243,60.8,Fremont,,37.5265,-121.9843
2020,34,Des,11.2,50,13%,32,70%,55,$94,50,2.7,33,1.3,49,2.6,38,0.8,52,2.1,62,7.4,100,55.7,243,60.7,Des Moines,,41.5725,-93.6105
2020,35,Albuquerque,4.3,19,23%,50,87%,81,$62,30,2.4,27,2.4,100,3.2,52,1.3,91,1.5,44,1.4,51,60.8,241,60.2,Albuquerque,,35.1054,-106.6465
2020,36,San,3,13,15%,40,82%,74,$108,58,1.8,15,1.3,46,3.1,50,1,65,1.1,32,2,75,47.2,232,58,San Jose,,37.7558,-122.4449
2020,37,Austin,8.2,39,10%,25,60%,39,$147,82,2.5,28,1.3,50,1.6,14,0.6,35,1.2,34,2.7,100,43.5,229,57.1,Austin,,30.3005,-97.7522
2020,38,Omaha,6.7,31,13%,33,81%,72,$79,40,5.1,77,0.4,6,4.1,73,0.6,40,1.2,35,1.7,61,48.7,225,56.2,Omaha,,41.2627,-96.0529
2020,39,Anchorage,4.7,21,84%,50,75%,62,$93,49,1.7,14,3,100,2.9,46,0.3,19,1.6,48,0,0,37.8,220,55,Anchorage,,61.1508,-149.1091
2020,40,Atlanta,2.9,12,6%,14,72%,58,$151,85,2.6,30,1,34,2.8,42,1.5,100,0.4,10,2.2,82,49.7,219,54.7,Atlanta,,33.7628,-84.422
2020,41,Honolulu,6.1,28,15%,39,79%,69,$77,39,3.7,52,0.5,10,1.6,14,1.6,100,2.1,65,0,0,40.2,215,53.8,Honolulu,,21.3294,-157.846
2020,42,Las,1.1,3,20%,50,75%,62,$84,43,1.2,5,3.8,100,3.1,51,0.7,46,1.2,34,5.2,100,56,214,53.5,Las Vegas,,36.2333,-115.2654
2020,43,Buffalo,1.1,3,8%,18,90%,85,$86,44,6.3,100,0.8,23,2.3,32,0.7,45,2.3,72,4.2,100,62,212,53,Buffalo,,42.9018,-78.8487
2020,44,Scottsdale,13.5,50,27%,50,40%,9,$109,59,1.4,8,1.2,43,1.5,12,0.7,47,3,92,1.6,58,43.3,211,52.8,Scottsdale,,33.6872,-111.8651
2020,45,Anaheim,8.3,39,15%,37,67%,50,$115,63,1.4,8,0.8,26,1.6,15,0.2,11,1.7,50,0.6,18,21.3,210,52.6,Anaheim,,33.839,-117.8574
2020,46,Chesapeake,7.2,34,26%,50,43%,13,$100,53,12,100,2,82,3.6,62,1,65,1.1,32,0.4,12,58.8,209,52.2,Chesapeake,,36.6778,-76.3023
2020,47,Jersey,0.6,1,18%,47,94%,91,$32,11,2.7,32,2.1,88,1.2,5,0.9,62,0.5,13,3.9,100,50,200,50,Jersey City,,40.7184,-74.0686
2020,48,Norfolk,1.6,6,5%,11,75%,63,$84,43,16.2,100,5.2,100,6.6,100,1.9,100,0.6,17,1.2,43,76.7,200,49.9,Norfolk,,36.8945,-76.259
2020,49,Columbus,7.7,36,8%,20,68%,51,$94,49,6.8,100,0.7,19,2.9,45,0.7,44,1,29,0.7,23,43.3,199,49.8,Columbus,,39.9862,-82.9855
2020,49,Los,4.8,22,13%,32,62%,42,$132,73,3.5,47,0.3,2,1.1,4,1.1,77,1.3,40,0.4,12,30.3,199,49.8,Los Angeles,,34.1141,-118.4068
2020,51,Oakland,2.1,8,12%,29,89%,83,$65,31,2.6,31,3.8,100,1.8,18,1.2,78,1.3,40,0,0,44.5,196,48.9,Oakland,,37.7904,-122.2166
2020,52,Orlando,3.4,15,6%,14,64%,45,$119,65,5,75,1,35,2,24,1.4,98,4.2,100,0,0,55.3,194,48.6,Orlando,,28.4773,-81.337
2020,53,Colorado,6.3,29,9%,23,74%,61,$80,41,2.8,35,1.7,66,3,47,0.3,16,1.3,39,0.8,29,38.7,193,48.2,Colorado Springs,,38.8674,-104.7605
2020,54,Dallas,7.7,36,9%,23,71%,56,$108,58,2.4,26,0.3,1,1.7,17,0.6,40,0.1,1,0.8,27,18.7,192,47.9,Dallas,,32.7935,-96.7667
2020,55,Tulsa,9.8,47,7%,16,60%,39,$93,49,1.7,13,0.5,10,2.4,33,0.4,23,1.3,37,8.3,100,36,187,46.8,Tulsa,,36.1283,-95.9042
2020,56,Tampa,4.5,20,8%,17,63%,43,$48,21,5.9,92,3.9,100,2.3,32,1.8,100,2.8,85,2.6,97,84.3,185,46.3,Tampa,,27.9945,-82.4447
2020,56,Phoenix,14.6,50,15%,38,49%,22,$89,47,1.8,16,0.7,22,1.7,17,0.4,23,2.4,72,0.6,18,28,185,46.3,Phoenix,,33.5722,-112.0892
2020,58,Baltimore,0.8,2,10%,23,87%,81,$73,37,2.6,30,0.5,10,3.3,54,1.5,100,0.6,16,1,35,40.8,184,46,Baltimore,,39.3051,-76.6144
2020,59,Arlington,12.6,50,8%,18,58%,36,$102,55,1.7,14,0.5,11,1.5,14,0.3,17,1.2,36,1.3,46,23,182,45.5,"Arlington, Texas",,32.6998,-97.125
2020,60,North,7.1,33,26%,50,64%,45,$52,24,1.9,18,0.8,25,1.8,20,0.2,7,1,28,1.6,59,26.2,178,44.5,North Las Vegas,,36.2883,-115.0888
2020,60,Riverside,10.5,50,7%,16,51%,26,$78,39,3,38,0.6,16,1.5,11,1.1,76,2.4,72,1.9,68,46.8,178,44.5,Riverside,,33.9381,-117.3949
2020,62,Lexington,11.1,50,2%,3,54%,29,$79,40,3.9,56,1.8,74,3.1,49,0.5,30,2.4,73,1.2,44,54.3,176,44.1,Lexington,,38.0423,-84.4587
2020,63,Bakersfield,9.1,43,6%,13,46%,18,$86,45,2.1,21,2.1,84,3,48,0.3,14,2.3,69,3.4,100,56,175,43.8,Bakersfield,,35.3529,-119.0359
2020,64,Miami,2.6,11,7%,15,87%,81,$48,21,3.1,40,0.9,28,1.3,8,1.6,100,3.8,100,0,0,46,174,43.5,Miami,,25.784,-80.2101
2020,65,Chandler,8.4,39,4%,7,62%,43,$76,38,3.1,41,1.4,55,3.4,57,0.5,31,1.8,54,1.1,38,46,173,43.3,Chandler,,33.2825,-111.8514
2020,66,El,2.8,12,19%,50,59%,38,$56,26,4.4,65,0.7,21,4.1,73,0.8,53,0.6,17,1.3,46,45.8,172,43,El Paso,,31.8476,-106.43
2020,66,Greensboro,5,23,10%,25,63%,44,$67,33,1.5,11,1,35,3.6,62,0.8,54,2.7,83,1,36,46.8,172,43,Greensboro,,36.0956,-79.8271
2020,68,Reno,5,23,5%,12,76%,63,$52,23,3.6,50,1.2,41,2,25,0.3,17,2.1,64,2.7,100,49.5,171,42.6,Reno,,39.5497,-119.8483
2020,69,Newark,0.9,2,6%,13,94%,91,$53,24,2.6,31,0.4,3,1,1,0.8,56,1.1,32,3.5,100,37.2,167,41.8,Newark,,40.7245,-74.1725
2020,70,Chula,6.9,32,8%,18,67%,50,$43,18,2,19,2.6,100,3.5,60,0.7,42,1.5,45,0.7,25,48.5,167,41.6,Chula Vista,,32.6281,-117.0144
2020,70,Nashville,16.7,50,11%,26,43%,13,$83,42,3.8,54,1.2,41,2.1,28,0.8,51,0.9,25,0.4,13,35.3,166,41.6,Nashville,,36.1715,-86.7842
2020,72,Durham,8.3,39,4%,7,51%,26,$76,38,4.2,60,1.5,55,2,25,0.7,47,3,94,1.5,53,55.7,166,41.4,Durham,,35.9792,-78.9022
2020,73,Detroit,2.4,9,6%,13,80%,70,$80,41,2.6,31,0.9,30,2.7,40,0.5,32,0.5,12,1.2,43,31.3,164,41.1,Detroit,,42.3834,-83.1024
2020,74,Glendale,4.8,21,6%,12,75%,62,$43,18,4.9,73,1.2,44,3.9,69,0.6,41,0.7,19,1.6,59,50.8,164,41,Glendale,,33.5791,-112.2311
2020,75,San,10,47,11%,28,43%,13,$89,46,1.7,13,1,32,1.8,20,0.8,51,1.5,45,0.5,15,29.3,163,40.8,San Antonio,,37.7558,-122.4449
2020,76,Corpus,3.3,14,9%,20,75%,63,$58,27,2.7,32,0.6,15,4.3,78,0.7,47,1.4,41,0.6,20,38.8,163,40.7,Corpus Christi,,27.7254,-97.3767
2020,77,Toledo,5.5,25,6%,14,81%,72,$40,16,3.2,41,0.7,21,3.9,69,0.4,26,0.6,18,0.7,24,33.2,160,40,Toledo,,41.6638,-83.5827
2020,78,Houston,4.7,21,12%,29,61%,40,$82,42,2.6,30,0.7,18,1.9,21,0.6,40,0.7,19,1.1,38,27.7,160,39.9,Houston,,29.786,-95.3885
2020,79,Jacksonville,5.8,27,14%,37,35%,1,$66,32,2.4,26,0.5,12,3.5,60,1.3,90,6,100,2.2,80,61.3,158,39.6,Jacksonville,,30.3322,-81.6749
2020,80,Wichita,11.3,50,5%,11,54%,29,$67,33,1,1,1,34,2.2,28,0.4,24,2,62,1.5,55,34,157,39.3,Wichita,,37.6895,-97.3443
2020,81,Louisville,7.5,35,8%,19,38%,6,$69,34,2.7,33,1.3,46,3.3,55,0.6,36,3.6,100,6,100,61.7,156,38.9,Louisville,,38.1663,-85.6485
2020,82,Winston-Salem,9.2,43,5%,11,37%,4,$81,41,1.2,5,1.2,44,1.9,22,1.4,93,2.1,64,4.8,100,54.7,154,38.4,Winston-Salem,,36.1029,-80.261
2020,83,Garland,9.6,46,7%,17,63%,43,$57,26,2.2,23,0,0,1.4,10,0.6,41,1.2,34,0,0,18,150,37.5,Garland,,32.91,-96.6304
2020,84,Tucson,5.5,25,3%,5,63%,44,$53,24,4.9,73,1.4,55,2.7,41,0.8,55,1.8,54,0.7,24,50.3,148,37.1,Tucson,,32.1541,-110.8787
2020,85,Santa,6,28,4%,8,75%,63,$53,24,2.1,22,0,0,1.2,6,0.9,63,1.6,47,0,0,23,146,36.5,Santa Ana,,33.7367,-117.8819
2020,86,Laredo,4.1,18,2%,2,54%,31,$59,28,9.4,100,1.5,57,2.6,38,0.8,54,1,28,4.5,100,62.8,142,35.5,Laredo,,27.5625,-99.4874
2020,87,Stockton,6,28,3%,5,74%,60,$15,1,3.4,47,1,32,2.3,31,0.4,23,2.7,85,1.6,58,46,140,35,Stockton,,37.9765,-121.3109
2020,88,Memphis,10,48,5%,9,46%,17,$76,38,2.9,37,0.6,16,1.8,20,0.9,63,0.1,1,0.5,14,25.2,137,34.3,Memphis,,35.1087,-89.9663
2020,89,Irving,3.2,14,5%,11,64%,45,$72,36,1.1,3,1.2,44,3,48,0.8,53,0.2,5,0.8,28,30.2,136,34,Irving,,32.8583,-96.9702
2020,90,Hialeah,4.4,20,2%,1,69%,52,$33,11,5.1,77,0,0,1,1,1.5,100,2.2,67,1.3,45,48.3,132,33.1,Hialeah,,25.8696,-80.3045
2020,91,Baton,4.2,19,3%,5,54%,30,$44,19,8,100,0.8,27,2.6,39,2.9,100,1.2,36,0.8,29,55.2,128,32,Baton Rouge,,30.442,-91.1311
2020,92,Fresno,2.2,9,4%,8,67%,51,$42,17,4.6,68,1.3,49,2.6,38,0.6,38,0.9,26,0.9,33,42,127,31.8,Fresno,,36.783,-119.7939
2020,93,Lubbock,9.7,46,3%,4,56%,33,$35,13,4.8,71,0.8,23,2.2,28,0.4,22,1.3,38,0,0,30.3,126,31.6,Lubbock,,33.5657,-101.8879
2020,94,Fort,7.7,36,6%,13,61%,40,$56,26,1.2,5,0.3,2,2.3,31,0.3,17,0.2,3,0.1,1,9.8,125,31.2,Fort Worth,,32.7817,-97.3474
,,,,,,,,,,,,,,,,,,,,,,,,,,,,,
2020,96,Mesa,2.8,12,4%,8,66%,48,$65,32,2.8,34,0.4,5,1.3,8,0.2,12,0.7,18,0.6,19,16,116,29,Mesa,,33.4015,-111.7178
2020,97,Oklahoma,5,22,5%,10,38%,5,$57,26,1.7,14,0.3,1,1.6,16,0.7,42,1.1,31,2.4,89,32.2,95,23.8,Oklahoma City,,35.4676,-97.5136
2019,1,Washington,1.4,5,21%,50,98,97.5,$270,100,5.9,97.5,1.9,85,1.7,25,2.3,100,2.9,88,3.9,100,82.5,,83.8,"Washington, D.C.",,38.9047,-77.0163
2019,2,St.,3.2,15,15%,40,98%,97.5,$220,100,7.7,100,1.3,55,4,77.5,1.7,100,3.2,100,1.3,50,80.4,,83.2,St. Paul,,38.6359,-90.2451
2019,3,Minneapolis,5.7,27.5,15%,37.5,96%,95,$299,100,3.5,52.5,1.7,75,4.1,77.5,2.3,100,3,90,0.2,8,67.1,,81.8,Minneapolis,,44.9635,-93.2678
2019,4,Arlington,2.4,10,11%,27.5,98%,97.5,$267,100,7.8,100,3.5,100,4.4,87.5,1.1,73,3.1,95,2.2,85,90,,81.3,"Arlington, Virginia",,32.6998,-97.125
2019,5,Portland,4.9,22.5,18%,47.5,89%,85,$224,100,3.8,57.5,5.4,100,2.1,32.5,0.6,38,2,60,2.5,95,63.8,,79.7,Portland,,45.5371,-122.65
2019,6,Irvine,6.1,30,27%,50,80%,72.5,$252,100,17.7,100,0.4,5,4,77.5,1.8,100,3,90,0.4,13,64.2,,79.2,Irvine,,33.6772,-117.7738
2019,7,San,1.3,5,20%,50,100%,100,$318,100,4.1,65,4.2,100,2.6,42.5,0.8,50,2.6,78,0.8,30,60.8,,79,San Francisco,,37.7558,-122.4449
2019,8,Cincinnati,4.4,20,14%,35,77%,67.5,$193,100,8.9,100,1.3,52.5,5,100,1.5,98,3.1,95,4.5,100,90.8,,78.3,Cincinnati,,39.1413,-84.506
2019,9,New,1.1,5,22%,50,99%,100,$198,100,4,62.5,1.7,75,2.1,32.5,0.1,3,0.8,23,6.8,100,49.2,,76,New York,,40.6943,-73.9249
2019,10,Chicago,2.2,10,10%,25,98%,97.5,$171,95,4.6,72.5,0.9,35,3.6,67.5,1.7,100,2.4,70,8.7,100,74.2,,75.4,Chicago,,41.8375,-87.6866
2019,11,Seattle,2.4,10,13%,32.5,96%,95,$279,100,3.3,47.5,2,90,2.1,32.5,0.8,48,2.4,73,1.3,48,56.3,,73.4,Seattle,,47.6211,-122.3244
2019,12,Madison,4.7,22.5,14%,35,94%,92.5,$130,70,10.6,100,3.9,100,7,100,0.1,3,2.7,83,1.2,43,71.3,,72.8,Madison,,43.0822,-89.393
2019,13,Boston,1.4,5,17%,45,100%,100,$131,70,3.3,47.5,1.8,80,3.9,75,0.9,60,1,30,10.5,100,65.4,,71.4,Boston,,42.3188,-71.0852
2019,14,St.,2.3,10,9%,22.5,95%,95,$261,100,2.7,37.5,1.6,70,2.7,47.5,0.6,40,2.2,68,1.9,73,55.8,,70.8,St. Louis,,38.6359,-90.2451
2019,15,Plano,13.5,50,10%,22.5,75%,65,$211,100,7.3,100,0.3,2.5,4.6,90,0.3,20,1.5,45,0.3,10,44.6,,70.5,Plano,,33.0502,-96.7486
2019,16,San,6.8,32.5,19%,50,79%,70,$154,85,2.8,37.5,1.1,45,2.2,35,1,60,1.5,43,0.1,3,37.1,,68.6,San Diego,,37.7558,-122.4449
2019,17,St.,3.5,15,16%,40,75%,65,$140,77.5,4.1,62.5,2.3,100,3.5,65,1.2,80,4.8,100,1.2,43,75,,68.1,St. Petersburg,,38.6359,-90.2451
2019,19,Long,3.2,15,10%,25,83%,77.5,$205,100,1.6,15,2.1,97.5,1.4,17.5,1.1,73,3.7,100,0,0,50.4,,67,Long Beach,,33.7977,-118.167
2019,18,Philadelphia,3,12.5,13%,35,95%,95,$123,65,4.8,77.5,0.4,7.5,1.6,22.5,2,100,1.6,48,5,100,59.2,,66.7,Philadelphia,,40.0077,-75.1339
2019,21,New,2,7.5,26%,50,80%,72.5,$177,100,1.6,15,0.8,25,2.5,42.5,0.7,45,2.6,78,0.3,8,35.4,,66.4,New Orleans,,40.6943,-73.9249
2019,20,Boise,7.3,35,9%,22.5,69%,55,$162,90,2.2,27.5,5.7,100,3.4,62.5,1,63,2.9,88,0.9,33,62.1,,66.1,Boise,,43.6005,-116.2308
2019,22,Pittsburgh,2.2,10,10%,25,91%,87.5,$117,62.5,4.7,75,2.3,100,3.8,72.5,1.7,100,0.6,15,8.7,100,77.1,,65.5,Pittsburgh,,40.4397,-79.9763
2019,23,Aurora,8,37.5,11%,25,88%,82.5,$145,80,1.6,15,1.1,42.5,2.2,35,0.2,10,1.7,50,1.3,50,33.8,,64.7,Aurora,,39.7083,-104.7237
2019,24,Milwaukee,4.6,22.5,9%,22.5,90%,87.5,$124,65,5.7,95,0.5,12.5,2.8,47.5,0.9,58,4.5,100,1.2,45,59.6,,64.3,Milwaukee,,43.0642,-87.9675
2019,25,Lincoln,6.4,30,7%,17.5,91%,87.5,$101,52.5,8.8,100,1.4,60,4.6,90,0.6,38,4,100,0.7,25,68.8,,64.1,Lincoln,,40.8099,-96.6784
2019,26,Henderson,8,40,13%,35,52%,30,$136,75,3.7,57.5,5,100,2.9,52.5,0.5,33,5,100,5.7,100,73.8,,63.4,Henderson,,36.0133,-115.0381
2019,27,Sacramento,5.4,25,7%,15,82%,75,$125,67.5,3.2,47.5,2.4,100,4.1,80,0.7,43,1.5,43,5.2,100,68.8,,62.8,Sacramento,,38.5677,-121.4685
2019,30,Raleigh,4.4,20,11%,27.5,57%,37.5,$194,100,5.2,85,1.1,42.5,2.2,35,1.6,100,2.1,63,0.9,30,59.2,,61,Raleigh,,35.8324,-78.6429
2019,28,Denver,6.7,32.5,8%,20,90%,87.5,$115,60,1.4,12.5,1.8,82.5,3.5,65,0.8,50,0.8,23,0.8,30,43.8,,60.9,Denver,,39.762,-104.8758
2019,29,Virginia,3.9,17.5,16%,40,64%,47.5,$188,100,3.3,47.5,0.6,20,4.1,77.5,0.3,18,2.1,65,0.2,5,38.8,,60.9,Virginia Beach,,36.7335,-76.0435
2019,33,Fremont,6.4,30,49%,50,68%,55,$112,57.5,2.1,25,2.6,100,2,30,0.5,30,2.3,70,0.4,15,45,,59.4,Fremont,,37.5265,-121.9843
2019,32,Kansas,11.7,50,9%,22.5,69%,55,$127,67.5,2.7,35,0.8,27.5,2.5,42.5,0.4,23,0.8,23,3,100,41.7,,59.2,Kansas City,,39.1238,-94.5541
2019,31,San,4,17.5,14%,35,78%,70,$124,67.5,2.2,27.5,1.1,40,3,55,1,60,0.7,20,1.8,70,45.4,,58.9,San Jose,,37.7558,-122.4449
2019,34,Albuquerque,4.3,20,23%,50,87%,82.5,$65,27.5,2.2,25,2.4,100,3.2,57.5,1,68,1.2,38,0.7,25,52.1,,58,Albuquerque,,35.1054,-106.6465
2019,38,Cleveland,3.9,17.5,7%,15,82%,75,$111,57.5,6,100,0.8,27.5,3.6,67.5,1.2,75,1.1,30,10.5,100,66.7,,57.9,Cleveland,,41.4764,-81.6805
2019,35,Omaha,7.4,35,13%,32.5,80%,72.5,$81,37.5,5.2,85,0.4,7.5,4.3,85,0.7,40,1.2,38,1.6,60,52.5,,57.5,Omaha,,41.2627,-96.0529
2019,36,Las,1.1,5,19%,50,74%,62.5,$99,50,1.3,10,3.9,100,3.9,75,0.7,45,1.2,35,4.1,100,60.8,,57.1,Las Vegas,,36.2333,-115.2654
2019,37,Anchorage,4.7,22.5,84%,50,75%,65,$99,50,1.7,17.5,2.3,100,2.9,52.5,0.3,18,1.5,45,0,0,38.8,,56.6,Anchorage,,61.1508,-149.1091
2019,39,Des,11.2,50,12%,32.5,69%,55,$76,35,2.7,37.5,1.3,55,2.6,45,0.2,8,2,60,6.6,100,50.8,,55.8,Des Moines,,41.5725,-93.6105
2019,40,Oakland,2.1,10,12%,30,87%,82.5,$103,52.5,2.6,35,3.8,100,1.7,25,1.1,73,1.3,40,0,0,45.4,,55.1,Oakland,,37.7904,-122.2166
2019,41,Scottsdale,13.5,50,27%,50,40%,12.5,$111,57.5,1.4,12.5,1.2,50,1.5,20,0.7,45,3,93,1.2,45,44.2,,53.5,Scottsdale,,33.6872,-111.8651
2019,41,Atlanta,2.9,12.5,6%,15,71%,57.5,$138,75,2.7,35,0.8,30,2.9,52.5,1.5,95,0.4,13,2.3,88,52.1,,53,Atlanta,,33.7628,-84.422
2019,43,Austin,8.7,42.5,10%,25,59%,40,$119,62.5,2.5,32.5,1.3,57.5,1.5,20,0.6,35,1.2,35,1.8,68,41.3,,52.8,Austin,,30.3005,-97.7522
2019,44,Norfolk,1.6,7.5,5%,12.5,75%,65,$78,37.5,28.2,100,4.8,100,6.6,100,2,100,0.6,18,2,78,82.5,,51.3,Norfolk,,36.8945,-76.259
2019,45,Tampa,4.5,22.5,8%,17.5,62%,45,$71,32.5,6,100,4,100,2.3,40,1.8,100,2.8,85,2.6,100,87.5,,51.3,Tampa,,27.9945,-82.4447
2019,46,Chesapeake,7.2,35,26%,50,42%,15,$91,45,3.7,55,2,92.5,4.9,97.5,1,63,1.1,33,0,0,56.7,,50.4,Chesapeake,,36.6778,-76.3023
2019,47,Orlando,3.4,15,6%,15,63%,47.5,$121,65,5,80,1,40,2,32.5,1.5,95,4.2,100,0,0,57.9,,50.1,Orlando,,28.4773,-81.337
2019,48,Buffalo,1.1,5,8%,17.5,89%,85,$66,30,6.3,100,0.8,25,2.3,40,0.7,43,2.3,70,4.2,100,62.9,,50.1,Buffalo,,42.9018,-78.8487
2019,50,Honolulu,6.1,30,17%,45,69%,55,$63,27.5,3.7,55,0.5,10,1.5,20,1.6,100,2.4,73,0,0,42.9,,50.1,Honolulu,,21.3294,-157.846
2019,49,Colorado,6.3,30,9%,22.5,74%,62.5,$86,42.5,2.9,40,1.7,75,2.9,50,0.3,15,1.4,40,0.8,30,41.7,,49.8,Colorado Springs,,38.8674,-104.7605
2019,51,Jersey,0.6,2.5,18%,47.5,93%,90,$27,2.5,2.5,32.5,2.5,100,1.3,15,0.9,60,0.9,25,3.6,100,55.4,,49.5,Jersey City,,40.7184,-74.0686
2019,52,Columbus,7.7,37.5,9%,22.5,59%,40,$101,50,6.9,100,0.7,20,2.9,50,0.7,43,1,30,0.7,25,44.6,,48.6,Columbus,,39.9862,-82.9855
2019,53,Dallas,7.7,37.5,9%,22.5,69%,55,$110,57.5,2.4,30,0.4,5,1.7,25,0.6,40,0.1,3,0.8,30,22.1,,48.6,Dallas,,32.7935,-96.7667
2019,54,Miami,2.6,12.5,7%,15,86%,80,$77,35,3.1,45,0.9,32.5,1.3,15,1.6,100,3.8,100,0,0,48.8,,47.8,Miami,,25.784,-80.2101
2019,55,Los,4.8,22.5,13%,32.5,61%,45,$119,62.5,3.5,50,0.3,2.5,1.1,10,1.1,70,0.8,20,0.4,13,27.5,,47.5,Los Angeles,,34.1141,-118.4068
2019,56,Phoenix,14.6,50,15%,40,49%,27.5,$87,42.5,0.9,2.5,0.7,25,1.6,22.5,0.4,23,2.5,75,0.6,23,28.3,,47.1,Phoenix,,33.5722,-112.0892
2019,59,Anaheim,8.3,40,8%,20,66%,52.5,$99,50,1.4,10,0.6,15,1.6,22.5,0.2,10,1.8,55,0.6,20,22.1,,46.1,Anaheim,,33.839,-117.8574
2019,60,North,7.1,35,26%,50,63%,47.5,$53,20,1.9,22.5,0.8,27.5,2.3,37.5,0.2,8,1,28,1.6,63,30.8,,45.8,North Las Vegas,,36.2883,-115.0888
2019,57,Nashville,16.7,50,11%,27.5,42%,15,$98,50,3.8,57.5,1.2,47.5,2.1,35,0.8,50,0.8,23,0.4,15,37.9,,45.1,Nashville,,36.1715,-86.7842
2019,57,Tulsa,9.8,47.5,8%,20,59%,40,$75,35,1.8,17.5,0.5,10,2.4,40,0.3,15,1.3,40,8.2,100,37.1,,44.9,Tulsa,,36.1283,-95.9042
2019,62,Riverside,10.5,50,6%,15,51%,30,$76,35,3,42.5,0.6,17.5,1.5,20,1.1,73,2.4,70,1.9,70,48.8,,44.7,Riverside,,33.9381,-117.3949
2019,63,Reno,5,25,5%,12.5,75%,65,$51,20,3.7,55,1.2,47.5,2.8,50,0.3,18,2.2,65,2.7,100,55.8,,44.6,Reno,,39.5497,-119.8483
2019,64,Bakersfield,9.1,45,6%,12.5,46%,22.5,$81,37.5,2.1,25,2.1,97.5,3,55,0.3,13,2.2,68,3.4,100,59.6,,44.3,Bakersfield,,35.3529,-119.0359
2019,66,Lexington,11.1,50,2%,5,53%,32.5,$81,37.5,3.3,47.5,1.9,85,1.9,27.5,0.5,30,2.4,73,1.2,48,51.7,,44.2,Lexington,,38.0423,-84.4587
2019,64,Greensboro,5,25,10%,25,63%,47.5,$66,30,1.6,15,1,40,3.6,67.5,0.8,53,2.7,83,1,38,49.2,,44.2,Greensboro,,36.0956,-79.8271
2019,61,Baltimore,0.8,2.5,10%,22.5,87%,82.5,$69,30,1.6,15,0.5,10,3.3,60,1.4,93,0.6,15,1,35,37.9,,43.9,Baltimore,,39.3051,-76.6144
2019,66,Corpus,3.3,15,9%,20,75%,65,$67,30,2.6,35,0.6,15,4.3,82.5,0.8,48,2.4,73,0.6,20,45.4,,43.9,Corpus Christi,,27.7254,-97.3767
2019,68,Arlington,12.6,50,8%,17.5,57%,37.5,$92,45,1.7,17.5,0.5,12.5,1.5,20,0.3,18,1.2,35,1.3,48,25,,43.8,"Arlington, Texas",,32.6998,-97.125
2019,69,Chandler,8.4,40,4%,7.5,62%,45,$77,35,3.1,45,1.5,62.5,2.2,37.5,0.5,30,1.8,55,1.1,40,45,,43.1,Chandler,,33.2825,-111.8514
2019,70,Glendale,4.8,22.5,6%,12.5,75%,65,$36,10,4.9,77.5,1.2,50,3.9,75,0.6,40,1.7,50,1.6,63,59.2,,42.3,Glendale,,33.5791,-112.2311
2019,71,El,3.9,17.5,19%,50,56%,37.5,$43,15,4.4,70,0.7,22.5,4.1,77.5,0.8,53,0.6,18,1.3,48,47.9,,42,El Paso,,31.8476,-106.43
2019,73,Durham,8.3,40,4%,7.5,51%,30,$66,27.5,4.2,65,1.5,65,2.1,32.5,0.7,45,3.1,95,1.5,55,59.6,,41.1,Durham,,35.9792,-78.9022
2019,72,San,11.7,50,10%,25,42%,15,$90,45,1.7,15,0.9,32.5,1.7,25,0.8,50,1.5,45,0.3,10,29.6,,41.1,San Antonio,,37.7558,-122.4449
2019,74,Chula,6.9,32.5,7%,15,67%,52.5,$43,15,2,22.5,1.8,82.5,3.6,67.5,0.7,40,1.5,45,0.7,28,47.5,,40.6,Chula Vista,,32.6281,-117.0144
2019,74,Newark,0.9,2.5,6%,12.5,93%,90,$48,17.5,2.6,35,0,0,0.9,7.5,0.8,53,1,30,3.5,100,37.5,,40,Newark,,40.7245,-74.1725
2019,76,Toledo,5.5,27.5,6%,15,81%,72.5,$41,12.5,2.7,37.5,0.7,22.5,3.8,72.5,0.4,25,0.6,18,0.4,13,31.3,,39.7,Toledo,,41.6638,-83.5827
2019,77,Wichita,11.3,50,5%,10,53%,32.5,$57,22.5,1,2.5,0.7,25,2.1,35,0.4,28,3.9,100,1.5,58,41.3,,39.1,Wichita,,37.6895,-97.3443
2019,78,Jacksonville,5.8,27.5,15%,37.5,35%,5,$57,22.5,2.4,30,0.6,12.5,3.6,67.5,1.3,88,6.1,100,2.1,80,62.9,,38.9,Jacksonville,,30.3322,-81.6749
2019,81,Tucson,5.5,27.5,3%,5,63%,47.5,$57,22.5,5,80,1.5,65,2.7,47.5,0.8,50,1.8,55,0.6,20,52.9,,38.9,Tucson,,32.1541,-110.8787
2019,79,Garland,9.6,47.5,7%,15,62%,45,$62,27.5,2.2,27.5,0,0,1.4,17.5,0.7,40,1.2,35,0,0,20,,38.8,Garland,,32.91,-96.6304
2019,80,Louisville,7.5,37.5,8%,20,38%,10,$61,25,2.7,37.5,1.1,45,2.8,47.5,0.6,35,3.6,100,5.4,100,60.8,,38.3,Louisville,,38.1663,-85.6485
2019,83,Detroit,2.4,10,7%,15,80%,72.5,$54,20,2.6,35,0.9,32.5,3,55,0.5,30,0.5,13,0.9,33,32.9,,37.6,Detroit,,42.3834,-83.1024
2019,84,Stockton,6,30,3%,5,74%,62.5,$23,2.5,3.5,50,1,35,2.3,37.5,0.4,23,2.7,83,1.6,60,47.9,,37,Stockton,,37.9765,-121.3109
2019,85,Santa,6,30,4%,10,75%,65,$47,17.5,2.1,25,0,0,1.2,12.5,0.9,60,1.5,45,0,0,23.8,,36.6,Santa Ana,,33.7367,-117.8819
2019,82,Houston,4.7,22.5,11%,27.5,58%,40,$57,22.5,2.2,27.5,0.7,20,1.8,25,0.6,40,0.7,20,1.1,40,28.8,,35.3,Houston,,29.786,-95.3885
2019,86,Winston-Salem,9.2,45,5%,10,36%,7.5,$62,25,1.2,7.5,0.8,27.5,1.8,27.5,1.4,90,2.1,63,2.8,100,52.5,,35,Winston-Salem,,36.1029,-80.261
2019,88,Memphis,10,50,5%,10,45%,20,$66,30,2.9,40,0.6,17.5,1.8,27.5,0.9,60,0.1,3,0.3,10,26.3,,34.1,Memphis,,35.1087,-89.9663
2019,87,Irving,3.2,15,5%,12.5,62%,45,$68,30,1.1,7.5,1.2,50,3.1,55,0.8,53,0.2,5,0.8,30,33.3,,34,Irving,,32.8583,-96.9702
2019,88,Fort,7.7,37.5,6%,12.5,60%,42.5,$67,30,1.5,15,0.3,2.5,2.3,37.5,0.3,18,0.2,3,0.1,3,12.9,,33.9,Fort Worth,,32.7817,-97.3474
2019,90,Lubbock,9.7,47.5,3%,5,55%,35,$39,12.5,4.8,77.5,0.8,25,2.2,35,0.4,23,1.3,38,0,0,32.9,,33.2,Lubbock,,33.5657,-101.8879
2019,91,Baton,4.2,20,3%,5,53%,32.5,$49,17.5,8.1,100,0.9,30,2.7,45,2.9,100,1.2,38,0.9,30,57.1,,33,Baton Rouge,,30.442,-91.1311
2019,92,Hialeah,4.4,20,2%,2.5,68%,55,$31,7.5,3,42.5,0,0,0.7,2.5,1.5,100,1,28,1.7,65,39.6,,31.1,Hialeah,,25.8696,-80.3045
2019,93,Fresno,2.2,10,3%,5,67%,52.5,$37,10,4.5,72.5,1.3,55,2.6,45,0.6,38,0.9,25,0.9,35,45,,30.6,Fresno,,36.783,-119.7939
2019,94,Laredo,4.1,20,2%,2.5,54%,32.5,$65,27.5,9.5,100,0.4,5,2.1,35,1,63,0.9,25,0,0,37.9,,30.1,Laredo,,27.5625,-99.4874
2019,96,Mesa,2.8,12.5,3%,7.5,65%,50,$68,30,2.8,37.5,0.4,5,1.3,15,0.2,13,0.6,18,0.6,20,17.9,,29.5,Mesa,,33.4015,-111.7178
2019,95,Charlotte/Mecklenburg,16.5,50,6%,12.5,36%,7.5,$48,17.5,3.7,55,0.5,12.5,2.1,32.5,0.5,28,0.5,15,0.7,25,27.9,,28.9,Charlotte,,,
2019,97,Oklahoma,5,22.5,4%,7.5,38%,10,$70,32.5,1.9,20,0.4,5,2.5,42.5,0.8,48,1.2,38,2.9,100,42.1,,28.6,Oklahoma City,,35.4676,-97.5136
2018,1,Minneapolis,5.7,11,15%,16,97%,39,$249,40,3.4,22,1.7,35,4,33,2.4,40,6.8,40,0.2,2,29,135,84.2,Minneapolis,,44.9635,-93.2678
2018,2,St.,3.2,6,15%,16,96%,38,$218,40,7.8,40,1.3,26,3.7,30,1.7,40,10.5,40,1,15,32,132,82.4,St. Paul,,38.6359,-90.2451
2018,3,Washington,1.4,2,22%,20,98%,39,$257,40,5.4,38,1.8,37,1.7,10,2.3,40,2.1,15,3.7,40,30,131,81.9,"Washington, D.C.",,38.9047,-77.0163
2018,4,Arlington,2.4,4,11%,11,98%,40,$240,40,5.7,40,3.5,40,4.3,36,1.4,36,3.1,25,2.2,36,36,131,81.6,"Arlington, Virginia",,32.6998,-97.125
2018,5,San,1.3,2,20%,20,100%,40,$279,40,5.4,39,3.7,40,2.6,19,0.8,20,1.7,12,1.4,22,25,127,79.6,San Francisco,,37.7558,-122.4449
2018,6,Portland,4.9,9,18%,19,86%,33,$251,40,5.4,38,5.2,40,2.1,14,0.6,15,2,14,1.6,25,24,125,78.3,Portland,,45.5371,-122.65
2018,7,Cincinnati,4.4,8,14%,15,71%,25,$201,40,8.9,40,1.3,25,5,40,1.5,38,6.2,40,4.5,40,37,125,78.2,Cincinnati,,39.1413,-84.506
2018,8,Chicago,2.2,4,10%,10,98%,40,$172,39,4.6,32,0.9,15,3.5,28,1.8,40,2.4,18,8.6,40,29,122,76.1,Chicago,,41.8375,-87.6866
2018,9,New,1.1,1,21%,20,97%,39,$198,40,3.6,23,1.6,33,2.2,16,0.1,2,0.8,4,9,40,20,120,74.8,New York,,40.6943,-73.9249
2018,10,Irvine,6.6,13,26%,20,75%,27,$255,40,2.8,17,0.4,3,2.7,20,1.5,38,2.9,22,0.4,5,18,118,73.4,Irvine,,33.6772,-117.7738
2018,11,Seattle,2.4,4,12%,13,94%,37,$276,40,3.3,21,2,40,2.2,15,0.8,19,2.8,21,1.3,21,23,117,73,Seattle,,47.6211,-122.3244
2018,12,Madison,4.7,9,14%,14,90%,35,$126,27,10.6,40,4,40,7,40,0.1,1,3.2,25,1.2,19,28,113,70.3,Madison,,43.0822,-89.393
2018,13,Boston,1.4,2,17%,19,99%,40,$118,25,3.3,21,1.2,23,4,33,0.9,24,1.3,8,9.2,40,25,111,69.3,Boston,,42.3188,-71.0852
2018,14,St.,2.3,4,10%,10,88%,34,$265,40,2.7,16,1.6,33,2.6,19,0.6,15,2.8,22,1.9,31,23,111,69.2,St. Louis,,38.6359,-90.2451
2018,15,St.,3.5,6,16%,17,74%,26,$137,30,4.1,28,2.3,40,3.3,26,1.2,31,4.8,40,0.4,5,28,107,67.1,St. Petersburg,,38.6359,-90.2451
2018,16,San,6.8,13,23%,20,77%,28,$141,31,2.8,16,1.1,22,2.1,15,1,24,1.9,13,0.1,1,15,107,67,San Diego,,37.7558,-122.4449
2018,17,Milwaukee,4.6,9,10%,11,89%,34,$131,28,5.7,40,0.5,6,2.7,20,0.9,23,5.6,40,1.2,19,25,107,66.7,Milwaukee,,43.0642,-87.9675
2018,18,Plano,13.5,20,9%,10,75%,26,$197,40,3,18,0.3,2,2.4,18,0.3,8,1.4,8,0.3,4,10,106,66,Plano,,33.0502,-96.7486
2018,19,Henderson,8,16,13%,14,49%,12,$144,32,3.9,25,5.2,40,3,23,0.6,13,5.1,40,5.9,40,30,104,65.1,Henderson,,36.0133,-115.0381
2018,20,Aurora,8,16,11%,11,86%,33,$143,31,1.4,5,0.8,14,2.2,15,0.2,5,2.3,17,1.1,17,12,103,64.5,Aurora,,39.7083,-104.7237
2018,21,Long,3.2,6,10%,10,81%,30,$208,40,1.6,6,2.1,40,1.4,7,1.1,28,2.5,18,0,0,17,103,64.1,Long Beach,,33.7977,-118.167
2018,22,Sacramento,5.4,10,8%,8,78%,29,$130,28,2.6,15,2.2,40,4.1,34,1,24,1.7,11,4,40,27,102,64,Sacramento,,38.5677,-121.4685
2018,23,Pittsburgh,2.2,4,10%,11,84%,32,$100,20,3.6,24,2.3,40,3.8,31,1.7,40,4.3,35,8.4,40,35,102,63.8,Pittsburgh,,40.4397,-79.9763
2018,24,Lincoln,7,14,7%,7,85%,33,$96,19,8.7,40,1.4,28,4.6,39,0.6,15,4.6,38,0.7,10,28,101,63.3,Lincoln,,40.8099,-96.6784
2018,24,New,2,3,26%,20,77%,28,$162,36,1.7,7,0.8,13,2.6,19,0.7,18,3.2,26,0.3,3,14,101,63.3,New Orleans,,40.6943,-73.9249
2018,26,Denver,6.7,13,8%,8,86%,33,$121,26,1.5,6,1.4,29,3.6,29,0.8,19,2.4,18,0.9,13,19,99,61.9,Denver,,39.762,-104.8758
2018,27,San,4,7,14%,15,77%,28,$142,31,2,10,1,17,2.7,21,1,24,0.7,3,1.8,30,18,99,61.6,San Jose,,37.7558,-122.4449
2018,28,Virginia,3.9,7,16%,17,61%,19,$188,40,3.3,21,0.6,10,4.1,34,0.3,7,2.4,18,0.2,2,15,98,61.5,Virginia Beach,,36.7335,-76.0435
2018,29,Boise,7.3,14,9%,9,60%,18,$144,32,2,10,6.7,40,3.4,27,1,25,3.5,28,0.9,14,24,97,60.6,Boise,,43.6005,-116.2308
2018,30,Philadelphia,3.3,6,13%,14,93%,37,$84,16,4.8,33,0.4,5,1.6,9,2.1,40,1.7,11,5,40,23,96,60,Philadelphia,,40.0077,-75.1339
2018,31,Kansas,11.7,20,9%,9,65%,21,$126,27,2.7,16,0.8,14,2.4,17,0.4,10,1.5,10,3.1,40,18,95,59.3,Kansas City,,39.1238,-94.5541
2018,32,Fremont,6.4,12,37%,20,61%,19,$123,26,2.1,10,2.6,40,1.9,13,0.5,13,3.8,30,0,0,18,95,59.2,Fremont,,37.5265,-121.9843
2018,33,Omaha,7.4,14,12%,12,78%,28,$79,15,5.2,37,0.4,5,4.3,36,0.7,16,3.8,31,1.6,25,25,94,58.8,Omaha,,41.2627,-96.0529
2018,34,Raleigh,4.4,8,11%,11,54%,15,$202,40,5.3,38,0.7,10,2.1,14,1.6,40,2.3,17,0,0,20,94,58.6,Raleigh,,35.8324,-78.6429
2018,34,Las,2.5,4,19%,20,64%,21,$118,25,1.3,4,4,40,3.9,32,0.8,19,1.3,8,3.7,40,24,94,58.6,Las Vegas,,36.2333,-115.2654
2018,36,Anchorage,4.7,9,84%,20,71%,24,$98,20,2.6,15,2.3,40,2.8,21,0.3,6,5.6,40,0,0,20,93,58.3,Anchorage,,61.1508,-149.1091
2018,37,Cleveland,3.1,6,6%,6,80%,30,$105,22,6,40,0.5,7,3.7,30,1.1,29,2.9,23,10.4,40,28,92,57.6,Cleveland,,41.4764,-81.6805
2018,38,Oakland,2.1,4,12%,12,85%,32,$108,22,2.6,15,3.8,40,1.8,11,1.2,31,3.5,28,0.5,6,22,92,57.4,Oakland,,37.7904,-122.2166
2018,39,Tampa,4.5,9,8%,7,60%,18,$114,24,6.1,40,3.5,40,2.2,15,1.8,40,2.8,21,2.4,40,33,91,56.7,Tampa,,27.9945,-82.4447
2018,40,Albuquerque,4.3,8,23%,20,82%,30,$62,10,2.2,11,2.3,40,3.1,24,1.1,27,1.6,11,0.7,10,21,89,55.3,Albuquerque,,35.1054,-106.6465
2018,41,Chesapeake,7.2,14,26%,20,37%,5,$94,19,3.8,25,2.1,40,5,40,1,25,6.3,40,0,0,28,86,54,Chesapeake,,36.6778,-76.3023
2018,42,Austin,8.7,17,10%,11,60%,18,$108,22,2.8,16,1.3,25,1.7,11,0.6,14,2.6,20,1.2,19,18,86,53.4,Austin,,30.3005,-97.7522
2018,43,Atlanta,2.9,5,6%,6,66%,22,$139,30,2.8,16,0.9,15,3,23,1.5,38,0.6,2,2.4,39,22,85,53.2,Atlanta,,33.7628,-84.422
2018,44,Scottsdale,13.5,20,25%,20,38%,6,$109,22,1.5,5,1.3,24,1.5,9,0.8,19,3.1,25,1.3,20,17,85,53.1,Scottsdale,,33.6872,-111.8651
2018,45,Norfolk,1.6,3,5%,5,72%,25,$80,15,28.3,40,4.8,40,6.6,40,2,40,0.6,2,2,33,33,81,50.3,Norfolk,,36.8945,-76.259
2018,46,Colorado,6.6,13,9%,9,69%,23,$81,15,2.9,18,1.7,36,3,23,0.3,7,2.9,22,0.9,13,20,80,49.9,Colorado Springs,,38.8674,-104.7605
2018,46,Orlando,3.4,6,5%,5,60%,18,$125,27,4.7,33,1.1,20,2.4,17,1.5,38,4.2,35,0,0,24,80,49.9,Orlando,,28.4773,-81.337
2018,48,Honolulu,6.8,13,19%,20,65%,21,$57,9,3.6,24,0.4,3,1.5,8,1.6,40,2.6,20,0,0,16,79,49.3,Honolulu,,21.3294,-157.846
2018,49,Dallas,7.8,15,13%,13,60%,18,$108,22,2.5,14,0.3,1,1.5,9,0.6,16,1.3,8,0.8,13,10,78,48.9,Dallas,,32.7935,-96.7667
2018,50,Miami,2.6,5,7%,6,80%,30,$87,17,3.2,20,0.9,16,1.3,7,1.6,40,3.8,31,0,0,19,77,48.1,Miami,,25.784,-80.2101
2018,51,Buffalo,1.1,2,8%,7,85%,33,$54,8,6.3,40,0.8,13,2.3,17,0.7,17,4.2,34,4.2,40,27,77,48,Buffalo,,42.9018,-78.8487
2018,52,North,7.1,14,26%,20,58%,17,$67,12,2.1,11,0.8,14,2.3,16,0.2,3,1,5,1.6,27,13,76,47.3,North Las Vegas,,36.2883,-115.0888
2018,53,Jersey,0.6,1,18%,19,91%,36,$29,2,2.6,15,2.2,40,1.3,7,1,24,1.8,13,0,0,17,75,46.6,Jersey City,,40.7184,-74.0686
2018,54,Nashville,16.7,20,11%,11,37%,6,$100,20,3,18,1.2,23,3.1,24,0.8,19,1.7,12,0.4,6,17,74,46.3,Nashville,,36.1715,-86.7842
2018,55,Lexington,11.3,20,2%,2,52%,14,$83,16,3.7,24,1.9,40,2,13,0.5,12,4,32,0.6,9,22,74,46,Lexington,,38.0423,-84.4587
2018,56,Phoenix,14.6,20,15%,16,45%,10,$87,17,0.9,1,0.7,11,1.6,9,0.4,9,2.5,19,0.6,9,10,73,45.4,Phoenix,,33.5722,-112.0892
2018,57,Riverside,10.5,20,7%,7,48%,12,$73,13,3,18,0.6,9,2.4,18,1.1,29,2.4,18,1.9,31,21,73,45.3,Riverside,,33.9381,-117.3949
2018,58,Richmond,2.5,4,7%,7,73%,26,$75,14,3.4,22,1.3,27,2.2,15,2,40,2.7,21,0,0,21,72,44.9,Richmond,,37.5295,-77.4756
2018,58,Baltimore,0.8,1,10%,10,85%,32,$78,14,1.6,7,0.5,6,3.2,25,1.3,34,0.6,2,1,15,15,72,44.9,Baltimore,,39.3051,-76.6144
2018,60,Tulsa,9.6,19,8%,7,55%,15,$67,12,2.1,11,0.5,5,2.3,17,0.6,15,2.6,20,7.4,40,18,71,44.4,Tulsa,,36.1283,-95.9042
2018,61,Corpus,3.3,6,9%,9,74%,26,$71,13,2.7,16,0.3,1,4.4,37,0.8,19,2.5,19,0.6,9,17,71,44.3,Corpus Christi,,27.7254,-97.3767
2018,62,Columbus,7.8,15,9%,9,52%,14,$104,21,2.1,11,0.6,8,1.7,11,0.7,16,1.9,13,0.5,6,11,70,43.6,Columbus,,39.9862,-82.9855
2018,63,Arlington,12.6,20,8%,8,53%,14,$89,17,1.7,8,0.5,7,1.7,10,0.3,7,2.1,16,0.8,12,10,69,43.1,"Arlington, Texas",,32.6998,-97.125
2018,63,Chandler,8.3,16,4%,3,59%,18,$78,15,3.1,20,1.5,30,2.2,15,0.5,13,1.8,13,0.7,11,17,69,43.1,Chandler,,33.2825,-111.8514
2018,65,Bakersfield,9.1,18,6%,6,43%,9,$74,13,1.9,9,2.1,40,2.9,22,0.4,10,2.2,16,2.4,39,23,69,42.9,Bakersfield,,35.3529,-119.0359
2018,66,Los,4.8,9,13%,13,56%,16,$103,21,2,10,0.3,1,1.1,5,1.1,28,1.3,8,0.4,5,10,69,42.8,Los Angeles,,34.1141,-118.4068
2018,67,San,11.7,20,10%,11,38%,6,$93,18,1.6,7,0.8,12,1.7,10,0.7,18,3,23,0.3,3,12,67,42,San Antonio,,37.7558,-122.4449
2018,68,Anaheim,8.3,16,8%,8,62%,19,$73,13,1.4,4,0.6,7,1.4,7,0.2,5,5,40,0.3,3,11,67,41.9,Anaheim,,33.839,-117.8574
2018,69,Durham,8.8,17,4%,3,48%,12,$68,12,4.3,30,1.1,21,2.1,15,0.8,19,3.5,28,1.5,24,23,67,41.8,Durham,,35.9792,-78.9022
2018,70,Greensboro,5,10,9%,9,59%,18,$66,12,1.6,6,1,19,3.7,30,0.8,21,2.9,23,0,0,17,66,40.9,Greensboro,,36.0956,-79.8271
2018,71,Glendale,4.8,9,6%,5,72%,25,$31,2,4.6,32,1.2,24,3.9,32,0.6,16,1.7,12,1.6,26,24,65,40.4,Glendale,,33.5791,-112.2311
2018,72,Garland,9.6,19,7%,7,59%,18,$66,11,2.2,12,0,0,1.4,8,0.7,16,2.1,15,0,0,9,64,39.7,Garland,,32.91,-96.6304
2018,73,Newark,0.7,1,6%,6,90%,35,$42,5,2.5,14,0,0,1,3,0.8,21,2.2,17,3.2,40,16,63,39.3,Newark,,40.7245,-74.1725
2018,74,Wichita,11.3,20,5%,5,52%,14,$52,8,1,1,0.8,12,2.1,14,0.5,11,4,32,1.5,24,16,63,39.2,Wichita,,37.6895,-97.3443
2018,75,Reno,5,10,5%,5,74%,26,$50,7,3.8,25,0.8,13,2.9,22,0.3,7,2.5,19,0,0,14,62,39,Reno,,39.5497,-119.8483
2018,76,Chula,7.1,14,7%,6,55%,16,$44,6,2,10,1.9,39,3.6,29,0.7,16,1.6,10,0.7,11,19,61,38.2,Chula Vista,,32.6281,-117.0144
2018,77,Houston,4.7,9,18%,19,49%,12,$38,4,2.2,12,0.7,11,1.7,11,0.7,16,2.8,22,1.5,24,16,60,37.5,Houston,,29.786,-95.3885
2018,78,El,3.9,7,19%,20,50%,13,$34,3,2.4,13,0.6,8,3.7,30,0.8,19,1.3,8,1.3,21,17,60,37.2,El Paso,,31.8476,-106.43
2018,79,Toledo,5.5,11,6%,6,77%,28,$43,5,1.4,5,0.7,11,2.8,21,0.1,1,1.9,13,0.4,4,9,59,37,Toledo,,41.6638,-83.5827
2018,80,Stockton,6,12,3%,2,72%,25,$24,1,3.5,22,1,17,2.3,16,0.4,9,2.8,21,1.6,26,19,59,36.6,Stockton,,37.9765,-121.3109
2018,81,Oklahoma,7.2,14,7%,7,42%,8,$66,12,1.9,9,0.5,5,1.7,11,0.8,19,2.3,17,2.6,40,17,58,36.1,Oklahoma City,,35.4676,-97.5136
2018,82,Fort,7.7,15,6%,5,55%,16,$68,12,1.3,4,0.6,8,2.3,16,0.3,7,1.9,13,0.2,2,8,56,35.2,Fort Worth,,32.7817,-97.3474
2018,82,Irving,4.1,8,5%,5,58%,17,$66,11,1.2,3,0.8,14,3.1,24,0.8,21,2.3,17,0.8,13,15,56,35.2,Irving,,32.8583,-96.9702
2018,84,Louisville,7.5,15,7%,7,33%,3,$55,8,2.2,12,0.9,16,2.2,16,0.5,12,4.8,40,4.2,40,23,56,34.8,Louisville,,38.1663,-85.6485
2018,85,Jacksonville,5.8,11,14%,15,33%,3,$41,5,1.8,8,0.6,8,3.7,30,1.4,35,7,40,0.5,6,21,55,34.5,Jacksonville,,30.3322,-81.6749
2018,86,Tucson,5.4,10,3%,2,57%,17,$58,9,2.5,14,1.5,30,2,14,0.8,20,2,14,0.6,8,17,55,34.2,Tucson,,32.1541,-110.8787
2018,87,Santa,6,12,4%,4,72%,25,$42,5,2.1,11,0,0,1,3,0.9,22,1.7,12,0,0,8,54,33.8,Santa Ana,,33.7367,-117.8819
2018,88,Detroit,2.4,4,6%,6,77%,28,$40,5,2.4,13,0.8,12,2.7,21,0.4,9,0.5,1,0.6,9,11,54,33.6,Detroit,,42.3834,-83.1024
2018,89,Lubbock,9.7,19,3%,2,54%,15,$44,6,5,35,0,0,2.2,16,0.4,9,1.5,10,0,0,12,54,33.5,Lubbock,,33.5657,-101.8879
2018,90,Baton,4.2,8,3%,2,50%,13,$50,7,5.9,40,0.9,15,2.7,20,2.9,40,1.3,8,0.9,13,23,53,32.9,Baton Rouge,,30.442,-91.1311
2018,91,Memphis,10,20,5%,4,43%,9,$58,9,2.8,17,0.4,5,1.8,11,0.9,23,0.9,4,0.3,3,11,53,32.8,Memphis,,35.1087,-89.9663
2018,92,Winston-Salem,9.2,18,5%,4,35%,4,$48,7,1.2,3,0.4,4,1.8,12,1.4,36,2.5,19,2,34,18,51,31.9,Winston-Salem,,36.1029,-80.261
2018,93,Laredo,4.1,8,2%,1,49%,12,$67,12,9.7,40,0.4,3,2.2,16,1.7,40,1,5,0,0,17,50,31.5,Laredo,,27.5625,-99.4874
2018,94,Fresno,2.2,4,4%,3,62%,19,$42,5,4.6,32,1.3,26,2.6,19,0.6,14,0.9,5,1,15,19,50,30.9,Fresno,,36.783,-119.7939
2018,95,Hialeah,4.1,8,2%,1,62%,20,$35,3,3,19,0,0,0.7,1,1.5,40,1,5,1.7,28,16,48,29.7,Hialeah,,25.8696,-80.3045
2018,96,Mesa,2.8,5,3%,2,64%,20,$69,12,2.8,17,0.4,4,1.4,7,0.2,4,0.6,2,0.4,5,7,46,28.4,Mesa,,33.4015,-111.7178
2018,97,Charlotte,18,20,4%,4,28%,1,$47,7,1.1,2,0.6,8,1.9,12,0.5,11,0.6,2,0.8,13,8,40,25,Charlotte,,35.2083,-80.8303
2017,1,Minneapolis,6.6,13,15%,15,97%,39,$233,20,5,18,1.7,17,3.9,15,2.5,20,,,,,18,87.5,,Minneapolis,5,44.9635,-93.2678
2017,2,St.,3.7,7,15%,16,96%,39,$202,20,9.6,20,1.3,13,3.8,15,1.8,20,,,,,17,82.5,,St. Paul,5,38.6359,-90.2451
2017,3,San,1.6,3,20%,20,100%,40,$235,20,3.8,13,3.8,20,2.4,8,0.8,10,,,,,13,80,,San Francisco,5,37.7558,-122.4449
2017,4,Washington,1.5,2,22%,20,97%,39,$270,20,4,14,1.7,17,1.8,5,2.3,20,,,,,14,79,,"Washington, D.C.",4.5,38.9047,-77.0163
2017,5,Portland,4.6,9,18%,19,86%,33,$165,20,3.8,14,5.3,20,2.1,7,0.6,7,,,,,12,77.5,,Portland,4.5,45.5371,-122.65
2017,6,Arlington,2.5,4,11%,11,98%,39,$230,20,4.1,15,3.5,20,4.7,19,1.5,18,,,,,18,76.5,,"Arlington, Virginia",4.5,32.6998,-97.125
2017,7,Irvine,6.4,12,22%,20,76%,27,$252,20,2.6,9,0.4,3,2.8,10,1.5,19,,,,,10,74,,Irvine,4.5,33.6772,-117.7738
2017,7,New,1,1,21%,20,97%,39,$179,20,3.6,13,1.6,15,2,6,0.1,1,,,,,9,74,,New York,4.5,40.6943,-73.9249
2017,9,Madison,4.7,9,13%,14,90%,35,$126,15,10.2,20,4.3,20,7.4,20,0.1,1,,,,,15,73.5,,Madison,4.5,43.0822,-89.393
2017,10,Cincinnati,4.9,9,14%,14,71%,25,$191,20,5,19,1.3,13,5,20,2.2,20,,,,,18,71.5,,Cincinnati,4,39.1413,-84.506
2017,11,Chicago,1.4,2,10%,10,97%,39,$173,20,4.5,16,0.9,8,3.5,13,1.8,20,,,,,14,71,,Chicago,4,41.8375,-87.6866
2017,11,Seattle,2.4,4,12%,13,94%,37,$279,20,1.9,5,2.1,20,2.2,8,0.8,9,,,,,11,71,,Seattle,4,47.6211,-122.3244
2017,13,Boston,1.5,2,17%,18,98%,39,$112,13,3.4,12,1.1,10,4.1,16,1,11,,,,,12,70,,Boston,4,42.3188,-71.0852
2017,14,San,5.7,11,23%,20,77%,28,$120,14,2.8,9,1.2,11,1.9,6,1,12,,,,,10,69,,San Diego,4,37.7558,-122.4449
2017,15,Aurora,7.9,15,11%,11,86%,33,$139,17,1.7,5,0.8,7,2.3,8,0.2,2,,,,,6,68.5,,Aurora,4,39.7083,-104.7237
2017,16,St.,3.5,6,16%,16,73%,25,$133,16,4.2,15,2.4,20,3.4,13,1.3,15,,,,,16,66,,St. Petersburg,4,38.6359,-90.2451
2017,17,Albuquerque,4.3,8,24%,20,82%,31,$58,6,2.3,7,2.4,20,3,11,1.1,13,,,,,13,65,,Albuquerque,3.5,35.1054,-106.6465
2017,17,Plano,13.3,20,9%,9,74%,26,$147,18,1.8,5,0.4,2,2.5,9,0.4,4,,,,,5,65,,Plano,3.5,33.0502,-96.7486
2017,17,St.,2.2,4,10%,9,90%,35,$271,20,2.6,8,1.6,15,2.3,8,0.6,7,,,,,10,65,,St. Louis,3.5,38.6359,-90.2451
2017,20,Denver,6,12,8%,8,86%,33,$115,13,1.6,4,1.5,15,3.7,14,0.9,11,,,,,11,64,,Denver,3.5,39.762,-104.8758
2017,21,Milwaukee,4.5,8,10%,10,88%,34,$115,13,5.7,20,0.5,4,2.7,10,0.9,11,,,,,11,63.5,,Milwaukee,3.5,43.0642,-87.9675
2017,21,Omaha,7,14,14%,14,78%,28,$76,8,5.3,20,0.5,3,4.4,17,0.7,8,,,,,12,63.5,,Omaha,3.5,41.2627,-96.0529
2017,21,Sacramento,5.5,11,8%,8,79%,29,$122,14,2.7,9,2.3,20,4,16,1,12,,,,,14,63.5,,Sacramento,3.5,38.5677,-121.4685
2017,24,Fremont,7.3,14,37%,20,62%,19,$128,15,2.1,6,0.9,8,2,6,0.5,6,,,,,7,62.5,,Fremont,3.5,37.5265,-121.9843
2017,24,Las,2.5,4,19%,20,70%,24,$127,15,1.4,3,4.3,20,4.1,16,0.8,10,,,,,12,62.5,,Las Vegas,3.5,36.2333,-115.2654
2017,24,Lincoln,5.8,11,7%,7,86%,33,$88,10,3.6,13,1.6,15,5.1,20,0.8,9,,,,,14,62.5,,Lincoln,3.5,40.8099,-96.6784
2017,24,Long,3,5,10%,10,81%,30,$205,20,1.6,4,1.9,19,1.3,3,1.1,14,,,,,10,62.5,,Long Beach,3.5,33.7977,-118.167
2017,24,Oakland,2.5,4,12%,12,85%,32,$145,17,2.6,9,1,9,1.8,6,1.3,15,,,,,10,62.5,,Oakland,3.5,37.7904,-122.2166
2017,24,San,3.2,6,14%,15,75%,27,$147,18,1.6,4,1,9,2.7,10,1.1,13,,,,,9,62.5,,San Jose,3.5,37.7558,-122.4449
2017,24,Virginia,6,12,16%,16,58%,18,$177,20,3.3,11,0.7,5,4.2,16,0.3,3,,,,,9,62.5,,Virginia Beach,3.5,36.7335,-76.0435
2017,31,Anchorage,4.4,8,84%,20,71%,25,$93,10,2.6,9,2.3,20,2.8,10,0.3,3,,,,,11,61.5,,Anchorage,3.5,61.1508,-149.1091
2017,32,Henderson,7.6,15,13%,14,49%,13,$148,18,3.6,13,5.4,20,3.1,11,0.6,7,,,,,13,61,,Henderson,3.5,36.0133,-115.0381
2017,32,Honolulu,2.3,4,33%,20,84%,32,$51,5,5.7,20,0.6,4,1.3,3,1.9,20,,,,,12,61,,Honolulu,3.5,21.3294,-157.846
2017,32,Philadelphia,3.6,7,13%,13,93%,37,$59,6,4.1,15,0.3,1,1.7,5,2.1,20,,,,,10,61,,Philadelphia,3.5,40.0077,-75.1339
2017,35,Boise,7.3,14,8%,8,61%,19,$144,17,2.2,7,7.2,20,3.7,14,1.1,13,,,,,14,60,,Boise,3.5,43.6005,-116.2308
2017,35,Raleigh,4.4,8,15%,15,54%,15,$202,20,6.1,20,0.8,6,2.4,8,1.9,20,,,,,14,60,,Raleigh,3.5,35.8324,-78.6429
2017,37,New,1.9,3,26%,20,77%,28,$116,13,1.6,5,0.8,6,2.5,9,0.7,8,,,,,7,59,,New Orleans,3.5,40.6943,-73.9249
2017,38,Kansas,11.6,20,9%,9,65%,21,$122,14,1.7,5,0.6,5,2.4,8,0.4,5,,,,,6,58.5,,Kansas City,3,39.1238,-94.5541
2017,39,Pittsburgh,2,3,10%,10,84%,32,$69,7,3.6,13,2.3,20,4.1,16,1.7,20,,,,,17,57.5,,Pittsburgh,3,40.4397,-79.9763
2017,40,Jersey,0.6,1,18%,19,91%,36,$27,1,2.6,9,2.3,20,1.4,3,1,12,,,,,11,56.5,,Jersey City,3,40.7184,-74.0686
2017,40,Tampa,4.3,8,7%,7,60%,18,$147,18,4.9,18,3.3,20,2.3,8,1.9,20,,,,,17,56.5,,Tampa,3,27.9945,-82.4447
2017,42,Colorado,6.6,13,9%,9,70%,24,$76,8,4.1,15,1.8,19,3.1,12,0.3,3,,,,,12,55,,Colorado Springs,3,38.8674,-104.7605
2017,42,Norfolk,4.5,8,6%,6,72%,25,$74,8,8.3,20,4.9,20,4.2,16,2,20,,,,,19,55,,Norfolk,3,36.8945,-76.259
2017,42,Scottsdale,13.5,20,25%,20,37%,6,$105,12,1.5,4,1.3,12,1.6,5,0.8,9,,,,,8,55,,Scottsdale,3,33.6872,-111.8651
2017,45,Cleveland,3.4,6,6%,6,80%,29,$100,11,6,20,0.5,4,3.7,14,1.1,14,,,,,13,54,,Cleveland,3,41.4764,-81.6805
2017,46,Austin,8.5,17,11%,11,54%,15,$103,12,2.9,10,1.4,14,1.8,5,0.6,6,,,,,9,53.5,,Austin,3,30.3005,-97.7522
2017,47,North,5.7,11,26%,20,57%,17,$86,9,2.2,7,0.8,7,2.4,8,0.2,2,,,,,6,52.5,,North Las Vegas,3,36.2883,-115.0888
2017,48,Miami,2.4,4,7%,6,80%,30,$100,11,3.3,11,0.9,8,1.4,4,1.6,19,,,,,11,51.5,,Miami,2.5,25.784,-80.2101
2017,48,Richmond,3.9,7,5%,5,74%,26,$75,8,6.6,20,1.4,13,2.8,10,1.7,20,,,,,16,51.5,,Richmond,2.5,37.5295,-77.4756
2017,50,Atlanta,3.1,6,6%,5,66%,22,$134,16,2.8,9,1.1,10,3,11,1.5,18,,,,,12,51,,Atlanta,2.5,33.7628,-84.422
2017,50,Dallas,7.6,15,13%,13,60%,18,$81,9,2.5,8,0.4,2,1.5,4,0.7,8,,,,,6,51,,Dallas,2.5,32.7935,-96.7667
2017,52,Chesapeake,6,12,26%,20,38%,6,$80,9,2.5,8,2.1,20,3.1,12,0.8,10,,,,,13,50,,Chesapeake,2.5,36.6778,-76.3023
2017,53,Baltimore,0.8,1,10%,10,85%,32,$70,7,1.6,4,0.5,3,3.2,12,1.3,16,,,,,9,49,,Baltimore,2.5,39.3051,-76.6144
2017,53,Nashville,13.2,20,11%,11,38%,7,$106,12,3,10,1,9,2.1,7,0.8,9,,,,,9,49,,Nashville,2.5,36.1715,-86.7842
2017,53,Orlando,3.6,7,5%,5,58%,17,$124,15,5.2,19,1.2,11,2.6,9,1.6,20,,,,,15,49,,Orlando,2.5,28.4773,-81.337
2017,56,Columbus,7.7,15,11%,11,52%,14,$101,11,1.9,6,0.6,5,1.9,6,0.7,8,,,,,6,47.5,,Columbus,2.5,39.9862,-82.9855
2017,56,Phoenix,14.6,20,15%,15,45%,10,$80,8,0.9,2,0.6,4,1.7,5,0.4,5,,,,,4,47.5,,Phoenix,2.5,33.5722,-112.0892
2017,58,Buffalo,1.1,2,8%,7,85%,32,$48,4,6.3,20,0.8,6,2.3,8,0.7,8,,,,,11,46.5,,Buffalo,2.5,42.9018,-78.8487
2017,59,Arlington,14.1,20,8%,7,55%,16,$90,10,0.7,1,0.3,1,1.3,3,0.3,3,,,,,2,46,,"Arlington, Texas",2.5,32.6998,-97.125
2017,59,Chandler,8.3,16,4%,3,58%,18,$71,7,3.3,12,1.6,16,2.3,8,0.6,6,,,,,11,46,,Chandler,2.5,33.2825,-111.8514
2017,59,Corpus,3.3,6,9%,8,72%,25,$73,7,2.8,9,0,0,4.2,16,0.8,10,,,,,9,46,,Corpus Christi,2.5,27.7254,-97.3767
2017,59,Tulsa,9.5,19,8%,7,56%,16,$58,6,2.1,6,0.5,3,2.7,10,0.6,7,,,,,7,46,,Tulsa,2.5,36.1283,-95.9042
2017,63,Anaheim,8.5,17,8%,8,62%,19,$72,7,1.4,3,0.6,4,1.4,4,0.2,2,,,,,3,45,,Anaheim,2.5,33.839,-117.8574
2017,63,Garland,9.5,19,7%,7,56%,16,$71,7,2.3,7,0,0,1.5,4,0.7,8,,,,,5,45,,Garland,2.5,32.91,-96.6304
2017,63,Glendale,4.8,9,6%,5,72%,25,$30,2,4.6,17,1.2,12,4,16,0.7,8,,,,,13,45,,Glendale,2.5,33.5791,-112.2311
2017,63,Lexington,11.1,20,2%,2,51%,13,$82,9,3.9,14,1.6,16,2,6,0.4,5,,,,,10,45,,Lexington,2.5,38.0423,-84.4587
2017,63,Riverside,12.7,20,7%,6,47%,11,$68,7,3.1,10,1.3,12,1.5,4,1.2,14,,,,,10,45,,Riverside,2.5,33.9381,-117.3949
2017,63,Toledo,5.5,11,6%,6,76%,27,$44,4,1.9,6,0.7,6,2.8,10,0.1,1,,,,,6,45,,Toledo,2.5,41.6638,-83.5827
2017,69,Greensboro,5,9,9%,9,60%,18,$67,7,2.5,8,0.8,6,4,15,0.9,11,,,,,10,44,,Greensboro,2,36.0956,-79.8271
2017,69,San,11.6,20,10%,10,38%,6,$95,11,1.7,5,0.8,6,1.7,5,0.7,9,,,,,6,44,,San Antonio,2,37.7558,-122.4449
2017,71,Bakersfield,9,18,6%,5,43%,9,$80,9,2.1,6,2.3,20,3.2,12,0.5,5,,,,,11,43.5,,Bakersfield,2,35.3529,-119.0359
2017,72,Durham,9,18,4%,3,48%,12,$73,8,2,6,1.3,13,2.5,9,0.9,10,,,,,10,42.5,,Durham,2,35.9792,-78.9022
2017,72,Reno,4.3,8,5%,5,71%,25,$49,4,3.9,14,0.8,7,3,11,0.3,4,,,,,9,42.5,,Reno,2,39.5497,-119.8483
2017,74,Los,4.8,9,13%,13,54%,15,$85,9,0.8,1,0.3,1,1.1,2,1.1,13,,,,,4,41.5,,Los Angeles,2,34.1141,-118.4068
2017,75,Chula,7.1,14,7%,7,53%,15,$44,4,2.1,6,1.2,11,3,11,0.7,8,,,,,9,41,,Chula Vista,2,32.6281,-117.0144
2017,75,Detroit,2.4,4,6%,6,78%,28,$21,1,3.2,11,0.6,5,4.7,19,0.4,4,,,,,10,41,,Detroit,2,42.3834,-83.1024
2017,75,Santa,6,12,4%,4,72%,25,$46,4,1.2,3,0,0,1.3,3,0.9,10,,,,,4,41,,Santa Ana,2,33.7367,-117.8819
2017,75,Stockton,6,12,3%,2,71%,25,$24,1,3.8,13,1,10,2.5,9,0.4,5,,,,,9,41,,Stockton,2,37.9765,-121.3109
2017,79,El,3.7,7,19%,20,49%,12,$34,2,2.4,7,0.4,3,2.7,10,0.8,9,,,,,7,40,,El Paso,2,31.8476,-106.43
2017,79,Fort,7.5,15,6%,5,55%,16,$78,8,1.4,3,0.2,1,2.4,8,0.3,3,,,,,4,40,,Fort Worth,2,32.7817,-97.3474
2017,81,Houston,6,12,14%,15,47%,12,$35,2,2.2,7,0.6,5,1.9,6,0.6,7,,,,,6,39,,Houston,2,29.786,-95.3885
2017,81,Newark,1,1,6%,6,90%,35,$26,1,1.5,4,0,0,0.8,1,0.9,10,,,,,4,39,,Newark,2,40.7245,-74.1725
2017,81,Wichita,10.8,20,5%,4,51%,13,$51,5,1,2,0.8,7,2.2,7,0.5,5,,,,,5,39,,Wichita,2,37.6895,-97.3443
2017,84,Memphis,10,20,5%,4,42%,8,$54,5,3,10,0.5,3,1.8,6,1,12,,,,,8,37.5,,Memphis,1.5,35.1087,-89.9663
2017,85,Irving,4.1,8,5%,5,58%,17,$59,6,1.2,3,0.9,8,3.3,12,0.9,10,,,,,8,36.5,,Irving,1.5,32.8583,-96.9702
2017,85,Lubbock,9.7,19,3%,2,53%,15,$46,4,1.1,2,0,0,2.5,9,0.4,5,,,,,4,36.5,,Lubbock,1.5,33.5657,-101.8879
2017,85,Tucson,5.1,10,3%,2,57%,17,$71,7,1.2,3,1.5,15,1.8,5,0.8,10,,,,,8,36.5,,Tucson,1.5,32.1541,-110.8787
2017,88,Oklahoma,6.7,13,7%,7,42%,9,$72,7,2.3,7,0.6,4,2.1,7,0.9,11,,,,,7,36,,Oklahoma City,1.5,35.4676,-97.5136
2017,89,Baton,4.3,8,3%,2,50%,13,$51,5,5.1,19,0.9,8,2.9,10,2.9,20,,,,,14,35,,Baton Rouge,1.5,30.442,-91.1311
2017,90,Fresno,3.6,7,4%,3,61%,19,$38,3,3.6,13,1.2,12,1.5,4,0.3,4,,,,,8,33.5,,Fresno,1.5,36.783,-119.7939
2017,90,Hialeah,4.6,9,1%,1,61%,19,$38,3,3.1,11,0,0,0.7,1,1.6,19,,,,,8,33.5,,Hialeah,1.5,25.8696,-80.3045
2017,90,Jacksonville,5.6,11,14%,14,32%,3,$33,2,1.8,5,0.6,4,3.3,12,1.4,17,,,,,10,33.5,,Jacksonville,1.5,30.3322,-81.6749
2017,93,Laredo,4.1,8,2%,1,49%,12,$66,7,10.2,20,0.4,2,2.4,8,1,12,,,,,11,32.5,,Laredo,1.5,27.5625,-99.4874
2017,93,Winston-Salem,9.8,19,4%,4,35%,5,$42,3,1.3,3,0.4,3,1.9,6,1.5,18,,,,,8,32.5,,Winston-Salem,1.5,36.1029,-80.261
2017,95,Mesa,2.7,5,3%,2,63%,20,$69,7,2.7,9,0.4,3,1.4,3,0.2,2,,,,,4,31.5,,Mesa,1.5,33.4015,-111.7178
2017,96,Louisville,7.7,15,7%,7,34%,4,$50,4,2.3,7,0.9,8,2.4,8,0.5,6,,,,,7,31,,Louisville,1.5,38.1663,-85.6485
2017,97,Charlotte,16.6,20,4%,4,27%,1,$45,4,1.3,3,0.7,6,2.3,8,0.6,7,,,,,6,29,,Charlotte,1,35.2083,-80.8303
2017,98,Fort,4,7,3%,3,44%,10,$79,8,1.8,5,0.8,7,2.3,8,0.4,5,,,,,6,28.5,,Fort Wayne,1,32.7817,-97.3474
2017,98,Indianapolis,9.8,19,5%,5,32%,3,$35,2,2.2,7,0.5,3,1.5,4,0.5,6,,,,,5,28.5,,Indianapolis,1,39.7771,-86.1458
2016,1,Minneapolis,6.5,12,15%,16,95%,39,$224,20,3.9,16,1.8,20,2.8,11,2.6,20,,,,,17,104,86.5,Minneapolis,5,44.9635,-93.2678
2016,2,St.,3.7,7,15%,16,96%,39,$212,20,4.2,17,1.4,15,3.9,16,1.8,20,,,,,17,99,82.5,St. Paul,5,38.6359,-90.2451
2016,3,Washington,0.8,1,22%,20,97%,40,$287,20,4.1,17,1.7,19,1.7,6,2.4,20,,,,,16,97,81,"Washington, D.C.",5,38.9047,-77.0163
2016,4,Arlington,2.1,4,11%,12,98%,40,$235,20,4,16,3.6,20,4.6,19,1.5,19,,,,,19,95,79,"Arlington, Virginia",4.5,32.6998,-97.125
2016,5,San,1.8,3,19%,20,99%,40,$223,20,1.9,6,3.5,20,1.9,7,0.6,8,,,,,10,93,77.5,San Francisco,4.5,37.7558,-122.4449
2016,6,Portland,4.6,9,18%,19,85%,33,$154,18,3.8,15,5.4,20,2.1,8,0.6,7,,,,,13,92,76.5,Portland,4.5,45.5371,-122.65
2016,7,New,1,1,21%,20,97%,40,$186,20,3.5,14,1.5,17,2,7,0.1,1,,,,,10,91,76,New York,4.5,40.6943,-73.9249
2016,8,Irvine,6.4,12,20%,20,75%,27,$227,20,2.6,9,0.4,4,2.8,11,1.4,18,,,,,11,90,75,Irvine,4.5,33.6772,-117.7738
2016,9,Boston,1.7,3,17%,19,98%,40,$122,14,3.8,15,1.1,12,2.9,11,1,12,,,,,13,89,74,Boston,4.5,42.3188,-71.0852
2016,10,Cincinnati,4.3,8,14%,15,71%,25,$181,20,5.2,20,1.3,15,5.1,20,2.3,20,,,,,19,87,72.5,Cincinnati,4,39.1413,-84.506
2016,10,Madison,4.7,9,13%,14,90%,35,$122,14,10.8,20,4.2,20,7.3,20,0.1,1,,,,,15,87,72.5,Madison,4,43.0822,-89.393
2016,12,San,6.8,13,22%,20,78%,29,$113,13,2.9,11,1.1,12,1.9,7,1,12,,,,,11,86,71.5,San Diego,4,37.7558,-122.4449
2016,13,Seattle,2.4,4,12%,13,93%,37,$275,20,1.9,6,2.2,20,2.3,9,0.8,10,,,,,11,85,71,Seattle,4,47.6211,-122.3244
2016,14,Oakland,2.5,4,18%,20,85%,33,$143,17,2.7,10,0.7,8,1.8,6,1.2,15,,,,,10,84,70,Oakland,4,37.7904,-122.2166
2016,15,Chicago,2.2,4,9%,10,92%,37,$172,20,2.9,11,0.8,9,2.4,9,1.9,20,,,,,12,83,69,Chicago,4,41.8375,-87.6866
2016,16,Aurora,7.9,15,11%,11,86%,33,$132,16,1.6,5,0.9,9,2.3,9,0.3,3,,,,,7,82,68.5,Aurora,4,39.7083,-104.7237
2016,17,Sacramento,5.5,10,9%,9,79%,29,$148,18,2.7,10,2.3,20,4,16,1,13,,,,,15,81,67.5,Sacramento,4,38.5677,-121.4685
2016,18,Plano,13.3,20,11%,12,74%,27,$125,15,1.8,6,0.4,3,2.6,10,0.4,4,,,,,6,80,66.5,Plano,4,33.0502,-96.7486
2016,18,St.,3.5,6,16%,17,73%,26,$132,16,2.5,9,2.4,20,3.5,14,1.3,16,,,,,15,80,66.5,St. Petersburg,4,38.6359,-90.2451
2016,20,Albuquerque,4.3,8,24%,20,82%,31,$59,6,2.2,8,2.3,20,2.9,11,1.1,14,,,,,13,78,65,Albuquerque,3.5,35.1054,-106.6465
2016,20,Denver,6.1,12,8%,8,86%,33,$109,13,1.6,5,1.4,15,3.9,16,0.9,12,,,,,12,78,65,Denver,3.5,39.762,-104.8758
2016,22,Long,3,5,10%,11,80%,30,$186,20,1.6,5,1.9,20,1.1,3,1.1,15,,,,,11,77,64,Long Beach,3.5,33.7977,-118.167
2016,22,Philadelphia,3.6,7,13%,14,93%,37,$65,7,4.1,17,0.3,3,1.7,6,2.1,20,,,,,12,77,64,Philadelphia,3.5,40.0077,-75.1339
2016,22,St.,1.4,2,10%,10,90%,36,$151,18,2.1,7,1.6,18,2.4,9,0.6,8,,,,,11,77,64,St. Louis,3.5,38.6359,-90.2451
2016,25,Henderson,7.6,15,13%,14,49%,13,$178,20,3.6,14,5.4,20,3.1,12,0.6,7,,,,,13,75,62.5,Henderson,3.5,36.0133,-115.0381
2016,25,Omaha,7,13,14%,15,78%,29,$74,8,2,7,0.5,5,4.4,18,0.7,9,,,,,10,75,62.5,Omaha,3.5,41.2627,-96.0529
2016,27,Fremont,7.5,14,38%,20,62%,20,$121,14,2.2,7,0.4,4,1.9,7,0.5,7,,,,,6,74,61.5,Fremont,3.5,37.5265,-121.9843
2016,27,Honolulu,2.3,4,33%,20,84%,32,$50,5,5.8,20,0.6,6,1.3,4,1.9,20,,,,,13,74,61.5,Honolulu,3.5,21.3294,-157.846
2016,27,Lincoln,6.5,12,7%,7,86%,33,$86,10,3.3,13,0.7,8,4.9,20,0.5,6,,,,,12,74,61.5,Lincoln,3.5,40.8099,-96.6784
2016,27,Milwaukee,4.6,9,9%,9,88%,34,$89,10,5.7,20,0.5,5,2.8,11,0.9,12,,,,,12,74,61.5,Milwaukee,3.5,43.0642,-87.9675
2016,31,Anchorage,4.4,8,84%,20,71%,25,$77,9,2.7,10,2.3,20,2.8,11,0.3,3,,,,,11,73,61,Anchorage,3.5,61.1508,-149.1091
2016,31,Las,7.8,15,6%,6,70%,24,$133,16,1,2,4.1,20,3.7,15,0.7,9,,,,,12,73,61,Las Vegas,3.5,36.2333,-115.2654
2016,31,San,3.9,7,14%,16,72%,25,$131,15,1.5,5,1,11,2.7,10,1.1,14,,,,,10,73,61,San Jose,3.5,37.7558,-122.4449
2016,31,Virginia,4.1,8,16%,17,58%,18,$171,20,3.4,13,0.7,7,4.1,16,0.3,4,,,,,10,73,61,Virginia Beach,3.5,36.7335,-76.0435
2016,35,North,5.7,11,26%,20,58%,18,$145,17,2.2,8,0.4,4,2.4,9,0.2,2,,,,,6,72,60,North Las Vegas,3.5,36.2883,-115.0888
2016,36,Jersey,0.6,1,18%,20,91%,36,$29,2,2.6,10,2.3,20,1.4,4,1,13,,,,,12,71,59,Jersey City,3.5,40.7184,-74.0686
2016,36,Kansas,11.6,20,9%,9,65%,22,$120,14,1.6,5,0.6,7,2.3,8,0.4,5,,,,,6,71,59,Kansas City,3.5,39.1238,-94.5541
2016,36,Raleigh,4.4,8,14%,15,54%,15,$163,19,5.4,20,0.7,7,2.2,8,1.7,20,,,,,14,71,59,Raleigh,3.5,35.8324,-78.6429
2016,39,Pittsburgh,1.7,3,8%,9,84%,32,$64,7,3.7,15,2,20,4.2,17,1.7,20,,,,,18,69,57.5,Pittsburgh,3,40.4397,-79.9763
2016,39,Tampa,4.5,8,7%,7,60%,19,$153,18,4.9,20,3.4,20,2.3,9,1.8,20,,,,,17,69,57.5,Tampa,3,27.9945,-82.4447
2016,41,New,1.8,3,26%,20,76%,28,$90,10,1.7,5,0.8,8,2.5,10,0.5,6,,,,,7,68,56.5,New Orleans,3,40.6943,-73.9249
2016,41,Scottsdale,13.5,20,25%,20,37%,6,$116,13,1.5,5,1.3,15,1.6,5,0.8,10,,,,,9,68,56.5,Scottsdale,3,33.6872,-111.8651
2016,43,Boise,7.3,14,9%,9,60%,19,$103,12,2.3,8,2.3,20,3.7,15,0.5,5,,,,,12,66,55,Boise,3,43.6005,-116.2308
2016,43,Cleveland,3.4,6,6%,6,79%,30,$97,11,6,20,0.5,5,3.1,12,1.1,15,,,,,13,66,55,Cleveland,3,41.4764,-81.6805
2016,43,Colorado,6.6,13,9%,10,69%,24,$58,6,4.1,16,1.8,20,3.1,12,0.3,4,,,,,13,66,55,Colorado Springs,3,38.8674,-104.7605
2016,43,Norfolk,4.4,8,6%,6,71%,25,$73,8,8.2,20,4.5,20,4.2,17,2,20,,,,,19,66,55,Norfolk,3,36.8945,-76.259
2016,47,Austin,10,19,15%,16,48%,12,$92,10,1.8,6,1.4,15,1.2,4,0.5,7,,,,,8,65,54,Austin,3,30.3005,-97.7522
2016,48,Richmond,3.9,7,5%,5,74%,27,$77,8,6.8,20,0.9,10,3.8,15,1.8,20,,,,,16,63,52.5,Richmond,3,37.5295,-77.4756
2016,49,Baltimore,0.8,1,10%,10,85%,33,$71,8,1.6,5,0.3,3,3.2,13,1.3,17,,,,,10,62,51.5,Baltimore,2.5,39.3051,-76.6144
2016,49,Phoenix,14.6,20,15%,16,45%,11,$88,10,0.9,2,0.6,6,1.7,6,0.5,7,,,,,5,62,51.5,Phoenix,2.5,33.5722,-112.0892
2016,51,Atlanta,3.1,6,6%,6,66%,22,$120,14,2.9,11,0.9,10,3.1,12,1.5,20,,,,,13,61,51,Atlanta,2.5,33.7628,-84.422
2016,52,Buffalo,1.1,2,8%,8,85%,33,$52,5,5.9,20,0.8,8,2.4,9,0.7,9,,,,,12,60,50,Buffalo,2.5,42.9018,-78.8487
2016,52,Miami,1.9,3,6%,6,79%,30,$88,10,3.3,13,0.7,7,1.4,4,1.5,19,,,,,11,60,50,Miami,2.5,25.784,-80.2101
2016,54,Dallas,7.2,14,13%,13,58%,18,$63,7,2.6,9,0.4,4,1.7,6,0.7,8,,,,,7,59,49,Dallas,2.5,32.7935,-96.7667
2016,55,Glendale,4.8,9,5%,5,72%,26,$39,4,4.7,20,1.3,14,4.1,17,0.5,6,,,,,14,58,48.5,Glendale,2.5,33.5791,-112.2311
2016,55,Nashville,13.2,20,11%,11,38%,7,$90,10,3.1,12,0.9,10,2.2,8,0.8,10,,,,,10,58,48.5,Nashville,2.5,36.1715,-86.7842
2016,55,Orlando,3.4,6,6%,6,58%,18,$119,14,5.2,20,0.4,4,2.6,10,1.6,20,,,,,14,58,48.5,Orlando,2.5,28.4773,-81.337
2016,58,Arlington,14.3,20,8%,8,55%,16,$90,10,0.7,1,0.3,2,1.3,4,0.3,4,,,,,3,57,47.5,"Arlington, Texas",2.5,32.6998,-97.125
2016,58,Riverside,12.7,20,7%,7,46%,11,$70,8,2.5,9,1.3,14,1.4,5,1.2,15,,,,,11,57,47.5,Riverside,2.5,33.9381,-117.3949
2016,60,Chesapeake,5.5,10,26%,20,38%,7,$68,7,1.9,6,2.1,20,3.2,12,0.8,11,,,,,12,56,46.5,Chesapeake,2.5,36.6778,-76.3023
2016,60,Corpus,3.3,6,8%,8,72%,26,$64,7,2.8,10,0,0,4.2,17,0.8,10,,,,,9,56,46.5,Corpus Christi,2.5,27.7254,-97.3767
2016,60,Garland,9.8,19,8%,8,56%,17,$69,7,2.3,8,0,0,1.5,5,0.7,8,,,,,5,56,46.5,Garland,2.5,32.91,-96.6304
2016,60,Lexington,11.1,20,2%,2,51%,14,$82,9,4,16,1.3,14,2.1,8,0.3,4,,,,,11,56,46.5,Lexington,2.5,38.0423,-84.4587
2016,60,Tulsa,10,19,8%,8,56%,16,$53,5,2.1,7,0.5,5,2.8,11,0.6,8,,,,,8,56,46.5,Tulsa,2.5,36.1283,-95.9042
2016,65,Anaheim,8.7,17,7%,8,61%,19,$65,7,1.4,4,0.3,2,1.3,4,0.2,2,,,,,3,54,45,Anaheim,2.5,33.839,-117.8574
2016,65,Columbus,7.1,14,9%,9,52%,14,$89,10,1.8,6,0.6,6,1.8,6,0.7,8,,,,,7,54,45,Columbus,2.5,39.9862,-82.9855
2016,65,Durham,11.3,20,4%,3,48%,12,$82,9,1.8,6,1.2,13,2.3,9,0.8,10,,,,,10,54,45,Durham,2.5,35.9792,-78.9022
2016,65,Los,4.8,9,14%,15,55%,16,$80,9,0.8,1,0.3,2,1.1,3,1.1,14,,,,,5,54,45,Los Angeles,2.5,34.1141,-118.4068
2016,69,Greensboro,4,7,9%,10,59%,18,$68,7,2.3,8,0.7,8,3.7,15,0.9,11,,,,,11,53,44,Greensboro,2,36.0956,-79.8271
2016,69,Toledo,5.3,10,6%,6,76%,28,$45,4,1.9,6,0.4,3,2.8,11,0.1,1,,,,,5,53,44,Toledo,2,41.6638,-83.5827
2016,71,Bakersfield,9,17,6%,6,42%,9,$84,9,2,7,1.9,20,3,12,0.4,5,,,,,11,52,43.5,Bakersfield,2,35.3529,-119.0359
2016,71,Chandler,8.3,16,4%,3,56%,16,$67,7,2.6,9,1.6,18,2.2,8,0.2,3,,,,,10,52,43.5,Chandler,2,33.2825,-111.8514
2016,71,Reno,4.3,8,5%,5,71%,25,$50,5,3.3,13,0.8,9,3,11,0.3,4,,,,,9,52,43.5,Reno,2,39.5497,-119.8483
2016,71,San,11.5,20,9%,9,36%,6,$95,11,1.7,5,0.5,5,1.7,6,0.7,9,,,,,6,52,43.5,San Antonio,2,37.7558,-122.4449
2016,75,Detroit,2.4,4,6%,6,78%,29,$15,1,3.1,12,0.6,6,4.7,19,0.4,5,,,,,11,51,42.5,Detroit,2,42.3834,-83.1024
2016,75,El,3.7,7,19%,20,49%,13,$36,3,2.4,9,0.4,4,2.7,10,0.8,10,,,,,8,51,42.5,El Paso,2,31.8476,-106.43
2016,75,Newark,1.1,2,6%,6,91%,36,$36,3,1.5,4,0,0,0.8,2,0.9,11,,,,,4,51,42.5,Newark,2,40.7245,-74.1725
2016,78,Chula,6.8,13,8%,8,52%,14,$42,4,2,7,1.2,13,3,12,0.7,9,,,,,10,49,41,Chula Vista,2,32.6281,-117.0144
2016,78,Fort,7.5,14,6%,5,55%,16,$81,9,1.4,4,0.1,1,2.3,9,0.3,4,,,,,5,49,41,Fort Worth,2,32.7817,-97.3474
2016,78,Houston,6,11,14%,15,48%,12,$37,3,2.3,8,0.7,8,2,7,0.7,8,,,,,8,49,41,Houston,2,29.786,-95.3885
2016,78,Wichita,11.3,20,5%,4,50%,14,$47,5,1,2,0.8,8,2.1,8,0.5,5,,,,,6,49,41,Wichita,2,37.6895,-97.3443
2016,82,Stockton,5.4,10,3%,2,71%,25,$15,1,3.6,14,1,11,2.4,9,0.4,5,,,,,10,48,40,Stockton,2,37.9765,-121.3109
2016,83,Santa,6,11,3%,2,70%,25,$44,4,1.3,3,0,0,1.3,4,0.5,7,,,,,4,46,38.5,Santa Ana,2,33.7367,-117.8819
2016,83,Tucson,5,9,3%,2,56%,17,$81,9,1.2,3,1.3,15,1.9,7,0.8,10,,,,,9,46,38.5,Tucson,2,32.1541,-110.8787
2016,85,Irving,4.1,8,5%,5,57%,17,$59,6,1.2,3,0.9,9,3.3,13,0.9,11,,,,,9,45,37.5,Irving,1.5,32.8583,-96.9702
2016,85,Memphis,10,19,5%,4,41%,9,$53,5,2.9,11,0.5,4,1.8,6,0.9,12,,,,,8,45,37.5,Memphis,1.5,35.1087,-89.9663
2016,87,Lubbock,9.7,19,3%,2,53%,15,$45,4,1.1,2,0,0,2.5,9,0.4,5,,,,,4,44,36.5,Lubbock,1.5,33.5657,-101.8879
2016,88,Baton,4.3,8,3%,2,50%,13,$49,5,5.1,20,0.9,9,2.9,11,2.9,20,,,,,15,43,36,Baton Rouge,1.5,30.442,-91.1311
2016,89,Jacksonville,5.7,11,14%,15,32%,3,$32,3,1.9,6,0.4,3,3.4,13,1.4,18,,,,,10,42,35,Jacksonville,1.5,30.3322,-81.6749
2016,89,Oklahoma,6.7,13,7%,7,42%,9,$54,6,2,7,0.5,5,1.8,6,0.8,10,,,,,7,42,35,Oklahoma City,1.5,35.4676,-97.5136
2016,91,Hialeah,5.1,10,1%,1,62%,20,$34,3,3.1,12,0,0,0.5,1,1.1,14,,,,,7,41,34,Hialeah,1.5,25.8696,-80.3045
2016,91,Mesa,2.6,5,3%,2,64%,21,$70,8,2.6,10,0.4,4,1.4,4,0.2,2,,,,,5,41,34,Mesa,1.5,33.4015,-111.7178
2016,93,Louisville,7.7,15,7%,7,34%,4,$55,6,2.3,8,0.9,10,2.5,9,0.4,5,,,,,8,40,33.5,Louisville,1.5,38.1663,-85.6485
2016,93,Winston-Salem,9.8,19,4%,4,35%,5,$44,4,1.3,3,0.4,4,1.9,7,1.4,18,,,,,8,40,33.5,Winston-Salem,1.5,36.1029,-80.261
2016,95,Charlotte,15.9,20,6%,6,27%,1,$44,4,1.1,2,0.6,6,1.9,7,0.5,6,,,,,5,36,30,Charlotte,1,35.2083,-80.8303
2016,95,Indianapolis,9.9,19,5%,5,32%,4,$26,2,2.3,8,0.5,5,1.5,5,0.5,7,,,,,6,36,30,Indianapolis,1,39.7771,-86.1458
2016,97,Fresno,5,9,3%,2,54%,15,$33,3,0.8,1,1.2,13,1.3,4,0.3,4,,,,,6,35,29,Fresno,1,36.783,-119.7939
2016,98,Fort,3.9,7,3%,3,42%,9,$70,8,1.7,5,0.8,8,2.2,8,0.4,5,,,,,7,34,28.5,Fort Wayne,1,32.7817,-97.3474
2015,1,Minneapolis,6.8,13,14.90%,16,95%,38,$224,20,1.7,5,1.7,20,2.8,11,2.5,20,,,,,56,14,84,,5,44.9635,-93.2678
2015,1,St.,3.7,7,15.30%,16,96%,40,$210,20,4.1,17,1.4,18,3.9,16,1.8,20,,,,,71,18,84,,5,38.6359,-90.2451
2015,3,Washington,0.8,1,21.90%,20,97%,40,$343,20,4,16,1.7,20,1.8,6,2.3,20,,,,,62,16,81,,5,38.9047,-77.0163
2015,4,San,1.9,3,19.00%,20,99%,40,$229,20,1.9,6,3.5,20,1.6,4,0.6,8,,,,,38,10,77.5,,4.5,37.7558,-122.4449
2015,5,New,1.1,2,20.80%,20,97%,40,$172,20,3.5,14,1.6,20,2,6,0.1,1,,,,,41,10,76.5,,4.5,40.6943,-73.9249
2015,5,Portland,4.6,9,17.70%,19,85%,34,$145,17,3.8,15,5.4,20,2.1,7,0.6,8,,,,,50,13,76.5,,4.5,45.5371,-122.65
2015,7,Cincinnati,4.5,9,15.40%,16,71%,26,$203,20,5.2,20,1.3,17,5.1,20,2.4,20,,,,,77,19,75,,4.5,39.1413,-84.506
2015,8,Boston,1.7,3,16.90%,18,98%,40,$118,13,3.7,15,0.8,10,3.1,12,1,13,,,,,50,13,72.5,,4,42.3188,-71.0852
2015,9,San,6.8,13,23.50%,20,77%,30,$108,12,2.8,11,1.1,14,1.9,6,1,13,,,,,44,11,71.5,,4,37.7558,-122.4449
2015,9,Seattle,2.4,4,12.40%,13,93%,38,$265,20,1.9,6,2.1,20,2.3,8,0.8,11,,,,,45,11,71.5,,4,47.6211,-122.3244
2015,11,Oakland,2.5,4,18.30%,20,85%,34,$144,17,2.7,10,0.7,9,1.8,6,1.2,16,,,,,41,10,71,,4,37.7904,-122.2166
2015,12,Chicago,2.2,4,9.10%,9,92%,38,$167,20,2.9,11,0.8,10,2.4,9,1.8,20,,,,,50,13,70,,4,41.8375,-87.6866
2015,13,Albuquerque,4.3,8,23.70%,20,82%,32,$68,7,2.2,8,2.2,20,2.6,10,1.1,15,,,,,53,13,66.5,,4,35.1054,-106.6465
2015,13,Aurora,7.9,15,10.50%,10,86%,34,$127,14,1.9,6,0.9,11,2.3,8,0.3,3,,,,,28,7,66.5,,4,39.7083,-104.7237
2015,13,Sacramento,5.8,11,8.20%,7,78%,30,$147,17,2.7,10,2.1,20,3.9,16,1,14,,,,,60,15,66.5,,4,38.5677,-121.4685
2015,16,Denver,6.1,12,7.90%,7,86%,34,$117,13,1.6,5,1.7,20,3.8,15,0.9,13,,,,,53,13,66,,4,39.762,-104.8758
2015,17,Plano,13.3,20,9.20%,9,74%,28,$125,14,1.8,6,0.4,4,2.6,9,0.4,4,,,,,23,6,64,,3.5,33.0502,-96.7486
2015,18,Long,3,5,10.10%,10,80%,32,$162,19,1.6,5,1.3,16,1.2,2,1.1,15,,,,,38,10,63.5,,3.5,33.7977,-118.167
2015,19,Henderson,7.8,15,10.70%,10,50%,16,$191,20,7.5,20,4.1,20,2.5,9,0.6,8,,,,,57,14,62.5,,3.5,36.0133,-115.0381
2015,19,Omaha,7,14,13.40%,14,78%,30,$74,7,1.9,6,0.5,5,4.3,18,0.7,9,,,,,38,10,62.5,,3.5,41.2627,-96.0529
2015,19,Philadelphia,3.6,7,13.00%,13,93%,38,$61,6,4.1,17,0.3,3,1.6,5,2.1,20,,,,,45,11,62.5,,3.5,40.0077,-75.1339
2015,22,Honolulu,2.3,4,33.00%,20,84%,34,$46,4,3.9,16,0.6,7,1.3,3,1.9,20,,,,,46,12,61.5,,3.5,21.3294,-157.846
2015,22,Milwaukee,4.6,9,8.80%,8,88%,36,$86,9,4.6,19,0.5,6,2.6,9,0.9,12,,,,,46,12,61.5,,3.5,43.0642,-87.9675
2015,24,Anchorage,4.4,8,84.60%,20,71%,26,$74,8,2.7,10,2,20,2.8,10,0.3,3,,,,,43,11,61,,3.5,61.1508,-149.1091
2015,24,Lincoln,6.5,13,5.80%,5,86%,34,$89,10,2,7,0.7,9,4.7,20,0.5,6,,,,,42,11,61,,3.5,40.8099,-96.6784
2015,24,Pittsburgh,1.7,3,9.80%,9,84%,34,$82,9,3.5,14,2,20,4.2,18,1.6,20,,,,,72,18,61,,3.5,40.4397,-79.9763
2015,24,Raleigh,4.4,8,14.20%,15,54%,18,$157,18,5.5,20,0.7,8,2.2,8,1.7,20,,,,,56,14,61,,3.5,35.8324,-78.6429
2015,24,Virginia,4.1,8,15.60%,16,58%,20,$157,18,3.4,14,0.7,8,4.1,17,0.3,3,,,,,42,11,61,,3.5,36.7335,-76.0435
2015,29,Kansas,11.6,20,9.10%,9,65%,24,$116,13,1.6,5,0.6,8,2.2,7,0.4,5,,,,,25,6,60,,3.5,39.1238,-94.5541
2015,29,San,3.9,7,14.30%,15,71%,26,$128,14,1.5,4,0.9,11,2.6,9,1.1,15,,,,,39,10,60,,3.5,37.7558,-122.4449
2015,31,Austin,10.1,20,14.50%,15,48%,16,$83,9,1.7,6,1.4,18,1.2,3,0.6,7,,,,,34,9,57.5,,3,30.3005,-97.7522
2015,31,Jersey,0.6,1,17.90%,19,91%,36,$24,1,2.6,10,2.3,20,1.4,3,1,14,,,,,47,12,57.5,,3,40.7184,-74.0686
2015,31,New,1.8,3,25.30%,20,76%,30,$84,9,1.7,5,0.5,6,2.6,9,0.5,7,,,,,27,7,57.5,,3,40.6943,-73.9249
2015,34,Tampa,4.6,9,6.90%,6,60%,22,$127,14,4.9,20,2.8,20,2.3,8,1.8,20,,,,,68,17,56.5,,3,27.9945,-82.4447
2015,35,Las,7.8,15,3.50%,2,58%,20,$163,19,0.9,1,3.6,20,3,12,0.8,10,,,,,43,11,56,,3,36.2333,-115.2654
2015,35,St.,1.4,2,9.40%,9,86%,34,$101,11,2,7,1.6,20,2.4,8,0.6,8,,,,,43,11,56,,3,38.6359,-90.2451
2015,37,Phoenix,14.4,20,15.00%,16,45%,14,$98,11,0.9,2,0.4,4,1.7,5,0.5,7,,,,,18,5,55,,3,33.5722,-112.0892
2015,38,Cleveland,3.6,7,6.40%,5,79%,30,$91,10,5.9,20,0.5,6,2.9,11,1.1,16,,,,,53,13,54,,3,41.4764,-81.6805
2015,38,Colorado,6.6,13,9.30%,9,70%,26,$51,5,2.9,11,1.8,20,3.1,12,0.3,3,,,,,46,12,54,,3,38.8674,-104.7605
2015,40,Baltimore,0.8,1,9.60%,9,85%,34,$62,6,1.6,5,0.3,3,3.2,13,1.3,19,,,,,40,10,50,,2.5,39.3051,-76.6144
2015,40,Buffalo,1.1,2,7.50%,7,85%,34,$56,5,5.8,20,0.8,10,2.4,8,0.7,9,,,,,47,12,50,,2.5,42.9018,-78.8487
2015,40,Miami,1.9,3,6.30%,5,78%,30,$91,10,3.4,14,0.7,9,1.4,4,1.5,20,,,,,47,12,50,,2.5,25.784,-80.2101
2015,40,Riverside,12.7,20,7.30%,6,46%,14,$88,9,2.5,9,1.3,16,1.4,4,1.1,16,,,,,45,11,50,,2.5,33.9381,-117.3949
2015,40,Dallas,7.2,14,12.60%,13,58%,20,$62,6,2.6,10,0.4,4,1.7,5,0.7,9,,,,,28,7,50,,2.5,32.7935,-96.7667
2015,45,Corpus,3.3,6,8.00%,7,72%,28,$59,6,2.8,11,0,0,4.5,19,0.9,12,,,,,42,11,48.5,,2.5,27.7254,-97.3767
2015,45,Greensboro,4.7,9,9.10%,9,60%,22,$72,7,2.3,8,0.7,9,3.7,15,0.9,12,,,,,44,11,48.5,,2.5,36.0956,-79.8271
2015,45,Tulsa,9.7,19,7.60%,7,56%,20,$43,4,2.2,8,0.5,6,2.8,11,0.7,8,,,,,33,8,48.5,,2.5,36.1283,-95.9042
2015,48,Arlington,14.1,20,7.70%,7,55%,18,$86,9,0.7,1,0.3,3,1.3,3,0.3,3,,,,,10,3,47.5,,2.5,32.6998,-97.125
2015,48,Atlanta,3.1,6,6.10%,5,66%,24,$98,11,2.9,11,0.4,4,2.5,9,1.5,20,,,,,44,11,47.5,,2.5,33.7628,-84.422
2015,50,Bakersfield,9.4,18,5.90%,5,42%,12,$96,10,2,7,1.9,20,3,12,0.4,5,,,,,44,11,46.5,,2.5,35.3529,-119.0359
2015,51,Anaheim,8.7,17,7.50%,7,61%,22,$65,6,1.4,4,0.3,3,1.4,3,0.2,2,,,,,12,3,46,,2.5,33.839,-117.8574
2015,51,Lexington,11.1,20,2.40%,1,51%,16,$74,7,4,17,1.3,17,2.1,7,0.3,3,,,,,44,11,46,,2.5,38.0423,-84.4587
2015,51,Los,4.5,9,14.20%,15,55%,18,$68,7,0.8,1,0.3,3,1,2,1.1,16,,,,,22,6,46,,2.5,34.1141,-118.4068
2015,51,Nashville,12.9,20,10.10%,10,38%,8,$73,7,3.1,12,0.8,9,2.1,7,0.8,11,,,,,39,10,46,,2.5,36.1715,-86.7842
2015,55,El,3.7,7,18.60%,20,51%,16,$36,3,2.4,9,0.4,4,2.6,9,0.8,11,,,,,33,8,45,,2.5,31.8476,-106.43
2015,55,Toledo,5.3,10,5.80%,5,76%,30,$44,4,1.9,6,0.4,4,2.8,10,0.1,1,,,,,21,5,45,,2.5,41.6638,-83.5827
2015,57,Columbus,7.1,14,8.90%,8,50%,16,$76,8,1.8,6,0.6,7,1.8,6,0.7,9,,,,,28,7,44,,2,39.9862,-82.9855
2015,58,Chula,6.8,13,8.00%,7,52%,18,$40,3,2.1,7,1.2,15,3,11,0.7,9,,,,,42,11,43.5,,2,32.6281,-117.0144
2015,58,Houston,5.1,10,14.30%,15,48%,16,$38,3,2.3,9,0.7,8,2.1,7,0.7,9,,,,,33,8,43.5,,2,29.786,-95.3885
2015,60,Detroit,2.4,4,6.40%,5,78%,30,$19,1,3,12,0.6,7,4.5,19,0.4,4,,,,,42,11,42.5,,2,42.3834,-83.1024
2015,60,Fort,7.5,15,5.50%,4,54%,18,$83,9,1.4,4,0.1,1,2.3,8,0.6,8,,,,,21,5,42.5,,2,32.7817,-97.3474
2015,60,San,11.4,20,8.70%,8,34%,6,$100,11,1.6,5,0.4,5,1.6,4,0.6,8,,,,,22,6,42.5,,2,37.7558,-122.4449
2015,63,Newark,1,1,6.10%,5,90%,36,$41,3,1.5,4,0,0,0.8,1,0.9,12,,,,,17,4,41,,2,40.7245,-74.1725
2015,64,Stockton,5.4,10,3.00%,1,71%,26,$21,1,3.6,15,1,13,2.4,8,0.4,5,,,,,41,10,40,,2,37.9765,-121.3109
2015,64,Tucson,4.3,8,2.70%,1,56%,20,$93,10,1.2,3,1,12,3.6,14,0.6,8,,,,,37,9,40,,2,32.1541,-110.8787
2015,64,Wichita,10.8,20,4.70%,3,50%,16,$47,4,1,2,0.5,6,2.1,7,0.5,6,,,,,21,5,40,,2,37.6895,-97.3443
2015,67,Memphis,10,20,4.80%,3,41%,10,$57,5,2.9,11,0.5,5,1.8,5,0.9,13,,,,,34,9,39,,2,35.1087,-89.9663
2015,68,Jacksonville,5.6,11,14.10%,15,33%,6,$35,3,1.7,6,0.4,4,3.4,13,1.4,20,,,,,43,11,38.5,,2,30.3322,-81.6749
2015,69,Santa,6,12,3.00%,1,71%,26,$42,3,1.3,3,0,0,1.3,3,0.5,7,,,,,13,3,37.5,,1.5,33.7367,-117.8819
2015,70,Mesa,3.1,6,2.80%,1,64%,24,$72,7,2.7,10,0.4,5,1.4,4,0.2,2,,,,,21,5,36,,1.5,33.4015,-111.7178
2015,70,Oklahoma,6.7,13,6.90%,6,42%,12,$56,5,1.4,4,0.5,6,1.9,6,0.8,11,,,,,27,7,36,,1.5,35.4676,-97.5136
2015,72,Louisville,7.7,15,6.70%,6,33%,6,$51,5,2.4,9,0.8,10,1.8,5,0.4,5,,,,,29,7,32.5,,1.5,38.1663,-85.6485
2015,73,Indianapolis,10.3,20,5.00%,4,33%,6,$27,2,2.2,8,0.5,5,1.5,4,0.5,7,,,,,24,6,32,,1.5,39.7771,-86.1458
2015,74,Charlotte,16.8,20,5.60%,4,27%,2,$51,5,1.1,3,0.6,7,1.8,6,0.5,6,,,,,22,6,31,,1.5,35.2083,-80.8303
2015,74,Fresno,5,10,3.20%,1,54%,18,$39,3,0.8,1,1,12,1.2,3,0.3,3,,,,,19,5,31,,1.5,36.783,-119.7939
2014,1,Minneapolis,7.1,13,14.90%,15,94%,38,$214,20,,,,,2.9,12,,,,,,,,,82,,5,44.9635,-93.2678
2014,2,New,1.1,1,20.50%,20,97%,40,$171,20,,,,,2,7,,,,,,,,,73.5,,4.5,40.6943,-73.9249
2014,3,Boston,1,1,16.90%,17,97%,40,$112,13,,,,,3.5,16,,,,,,,,,72.5,,4,42.3188,-71.0852
2014,3,Portland,4.5,8,17.40%,18,84%,34,$155,20,,,,,2.1,7,,,,,,,,,72.5,,4,45.5371,-122.65
2014,3,San,1.9,3,19.00%,20,98%,40,$216,20,,,,,1.6,4,,,,,,,,,72.5,,4,37.7558,-122.4449
2014,6,Washington,0.8,1,21.90%,20,96%,40,$353,20,,,,,1.8,5,,,,,,,,,72,,4,38.9047,-77.0163
2014,7,Denver,6.3,11,8.20%,7,84%,34,$125,15,,,,,3.9,18,,,,,,,,,71,,4,39.762,-104.8758
2014,7,Sacramento,5.8,10,8.20%,7,77%,30,$166,20,,,,,4,18,,,,,,,,,71,,4,38.5677,-121.4685
2014,9,San,6.8,12,23.50%,20,76%,30,$110,13,,,,,2.5,9,,,,,,,,,70,,4,37.7558,-122.4449
2014,10,Aurora,7.9,14,10.40%,10,85%,34,$125,15,,,,,2.4,9,,,,,,,,,68.5,,4,39.7083,-104.7237
2014,10,Virginia,4.1,7,15.60%,16,57%,20,$154,19,,,,,4.8,20,,,,,,,,,68.5,,4,36.7335,-76.0435
2014,12,Omaha,7,12,13.30%,13,76%,30,$64,6,,,,,4.4,20,,,,,,,,,67.5,,4,41.2627,-96.0529
2014,13,Oakland,2.5,4,18.30%,19,85%,34,$141,17,,,,,1.8,6,,,,,,,,,67,,4,37.7904,-122.2166
2014,14,Seattle,2.4,3,10.50%,10,92%,38,$257,20,,,,,2,7,,,,,,,,,65,,3.5,47.6211,-122.3244
2014,15,Albuquerque,4.1,7,23.60%,20,81%,32,$63,6,,,,,2.6,11,,,,,,,,,63.5,,3.5,35.1054,-106.6465
2014,16,Chicago,2.2,3,9.10%,8,91%,36,$154,19,,,,,2.4,9,,,,,,,,,62.5,,3.5,41.8375,-87.6866
2014,16,Kansas,11.6,20,9.00%,8,64%,24,$121,15,,,,,2.2,8,,,,,,,,,62.5,,3.5,39.1238,-94.5541
2014,18,New,1.8,2,26.40%,20,72%,28,$104,12,,,,,2.6,11,,,,,,,,,61,,3.5,40.6943,-73.9249
2014,18,San,3.9,6,14.70%,15,69%,26,$124,15,,,,,2.6,11,,,,,,,,,61,,3.5,37.7558,-122.4449
2014,20,Philadelphia,3.6,6,13.50%,14,92%,38,$61,6,,,,,1.6,5,,,,,,,,,57.5,,3,40.0077,-75.1339
2014,21,Raleigh,5.1,9,14.10%,14,53%,18,$155,19,,,,,2.2,8,,,,,,,,,57,,3,35.8324,-78.6429
2014,22,Milwaukee,4.5,8,10.60%,10,87%,34,$75,8,,,,,2.1,7,,,,,,,,,56,,3,43.0642,-87.9675
2014,23,Colorado,6.6,12,9.50%,9,68%,26,$50,4,,,,,3.4,15,,,,,,,,,55,,3,38.8674,-104.7605
2014,24,Long,3.2,5,10.00%,10,79%,30,$147,18,,,,,1.2,2,,,,,,,,,54,,3,33.7977,-118.167
2014,25,Baltimore,0.8,1,9.60%,9,85%,34,$62,6,,,,,3.2,14,,,,,,,,,53.5,,3,39.3051,-76.6144
2014,26,Cleveland,3.5,6,6.50%,5,77%,30,$88,10,,,,,3,12,,,,,,,,,52.5,,3,41.4764,-81.6805
2014,27,St.,4,7,9.40%,9,79%,30,$77,8,,,,,2.3,8,,,,,,,,,52,,3,38.6359,-90.2451
2014,28,Corpus,3.3,5,5.90%,5,70%,26,$56,5,,,,,4.5,20,,,,,,,,,51,,2.5,27.7254,-97.3767
2014,28,Detroit,2.5,4,6.70%,6,77%,30,$23,1,,,,,4.4,20,,,,,,,,,51,,2.5,42.3834,-83.1024
2014,28,Honolulu,2.3,3,33.00%,20,83%,32,$39,3,,,,,1.3,3,,,,,,,,,51,,2.5,21.3294,-157.846
2014,28,Phoenix,11,20,15.00%,15,45%,14,$96,11,,,,,1.1,1,,,,,,,,,51,,2.5,33.5722,-112.0892
2014,28,Tampa,4.6,8,7.10%,6,59%,20,$121,15,,,,,2.8,12,,,,,,,,,51,,2.5,27.9945,-82.4447
2014,33,Austin,10.1,18,14.70%,15,48%,16,$67,7,,,,,1.3,3,,,,,,,,,49,,2.5,30.3005,-97.7522
2014,34,Riverside,12.7,20,7.00%,6,45%,14,$115,14,,,,,1.3,3,,,,,,,,,47.5,,2.5,33.9381,-117.3949
2014,35,Las,7.8,14,3.50%,2,46%,14,$207,20,,,,,1.9,6,,,,,,,,,47,,2.5,36.2333,-115.2654
2014,36,Arlington,14.1,20,7.70%,7,53%,18,$77,8,,,,,1.3,2,,,,,,,,,46,,2.5,32.6998,-97.125
2014,36,Bakersfield,9.4,17,5.90%,5,41%,10,$89,10,,,,,3,13,,,,,,,,,46,,2.5,35.3529,-119.0359
2014,36,Dallas,7.1,13,10.80%,10,54%,18,$81,9,,,,,1.7,5,,,,,,,,,46,,2.5,32.7935,-96.7667
2014,36,Anaheim,8.7,16,7.50%,7,60%,22,$68,7,,,,,1.4,3,,,,,,,,,46,,2.5,33.839,-117.8574
2014,40,Fort,7.5,14,5.50%,4,52%,18,$84,9,,,,,2.4,9,,,,,,,,,45,,2.5,32.7817,-97.3474
2014,40,Tulsa,9.7,18,5.90%,5,54%,18,$37,3,,,,,2.6,10,,,,,,,,,45,,2.5,36.1283,-95.9042
2014,42,Atlanta,3.1,5,5.80%,5,65%,24,$87,10,,,,,2.5,9,,,,,,,,,44,,2,33.7628,-84.422
2014,42,Tucson,4.3,7,2.70%,1,53%,18,$97,11,,,,,3.6,16,,,,,,,,,44,,2,32.1541,-110.8787
2014,44,El,3.7,6,18.00%,19,48%,16,$34,2,,,,,2.4,9,,,,,,,,,43.5,,2,31.8476,-106.43
2014,45,Los,5.2,9,16.00%,16,54%,18,$60,6,,,,,1,1,,,,,,,,,42,,2,34.1141,-118.4068
2014,45,Nashville,12.9,20,9.30%,9,37%,8,$62,6,,,,,2.1,7,,,,,,,,,42,,2,36.1715,-86.7842
2014,47,Columbus,7.1,13,8.10%,7,49%,16,$65,7,,,,,1.9,6,,,,,,,,,41,,2,39.9862,-82.9855
2014,48,Houston,5.6,10,14.10%,14,45%,14,$41,3,,,,,2,7,,,,,,,,,40,,2,29.786,-95.3885
2014,48,Miami,2.4,4,5.10%,4,75%,28,$79,9,,,,,1.4,3,,,,,,,,,40,,2,25.784,-80.2101
2014,48,Wichita,10,18,4.70%,3,50%,16,$49,4,,,,,2.1,7,,,,,,,,,40,,2,37.6895,-97.3443
2014,51,Jacksonville,5.6,10,13.90%,14,30%,4,$38,3,,,,,3.4,15,,,,,,,,,38.5,,2,30.3322,-81.6749
2014,52,Santa,6,11,3.00%,1,70%,26,$40,3,,,,,1.3,2,,,,,,,,,36,,1.5,33.7367,-117.8819
2014,53,Memphis,10,18,4.80%,3,39%,10,$65,6,,,,,1.8,5,,,,,,,,,35,,1.5,35.1087,-89.9663
2014,53,San,11.4,20,8.40%,8,35%,6,$56,5,,,,,1.5,3,,,,,,,,,35,,1.5,37.7558,-122.4449
2014,55,Oklahoma,6.7,12,6.90%,6,41%,10,$58,6,,,,,1.9,6,,,,,,,,,33.5,,1.5,35.4676,-97.5136
2014,56,Mesa,3.1,5,2.70%,1,60%,22,$75,8,,,,,1.3,3,,,,,,,,,32.5,,1.5,33.4015,-111.7178
2014,57,Charlotte,16.8,20,5.10%,4,27%,2,$69,7,,,,,1.2,2,,,,,,,,,29,,1,35.2083,-80.8303
2014,58,Indianapolis,10.3,19,5.00%,4,32%,4,$34,2,,,,,1.6,4,,,,,,,,,27.5,,1,39.7771,-86.1458
2014,58,Louisville,7.5,13,7.00%,6,32%,4,$55,5,,,,,1.8,5,,,,,,,,,27.5,,1,38.1663,-85.6485
2014,60,Fresno,4.9,8,2.20%,1,51%,16,$51,4,,,,,1.2,2,,,,,,,,,26,,1,36.783,-119.7939
2013,1,Minneapolis,6.51,12,15.07%,15,94%,38,$210.33,20,,,,,2.88,12,,,,,,,,97,81,,5,44.9635,-93.2678
2013,2,New,1.06,1,19.72%,20,96%,40,$160.33,20,,,,,2.05,7,,,,,,,,88,73.5,,4.5,40.6943,-73.9249
2013,3,San,1.91,3,17.95%,19,98%,40,$280.67,20,,,,,1.8,5,,,,,,,,87,72.5,,4,37.7558,-122.4449
2013,3,Sacramento,5.78,11,8.09%,7,77%,30,$156.67,20,,,,,4.03,19,,,,,,,,87,72.5,,4,38.5677,-121.4685
2013,3,Boston,1.31,2,15.89%,16,97%,40,$110.33,13,,,,,3.59,16,,,,,,,,87,72.5,,4,42.3188,-71.0852
2013,6,Washington,0.67,1,19.65%,20,96%,40,$343.67,20,,,,,1.73,5,,,,,,,,86,71.5,,4,38.9047,-77.0163
2013,7,Portland,4.89,9,16.32%,17,80%,32,$159.00,20,,,,,2.14,7,,,,,,,,85,71,,4,45.5371,-122.65
2013,8,Virginia,4.13,8,15.89%,16,63%,22,$144.67,18,,,,,4.91,20,,,,,,,,84,70,,4,36.7335,-76.0435
2013,9,San,6.78,13,22.54%,20,76%,30,$115.67,14,,,,,1.78,5,,,,,,,,82,68.5,,4,37.7558,-122.4449
2013,10,Seattle,2.7,5,10.32%,10,92%,38,$261.00,20,,,,,2.14,7,,,,,,,,80,66.5,,4,47.6211,-122.3244
2013,11,San,3.7,7,14.12%,14,69%,26,$140.33,18,,,,,2.72,11,,,,,,,,76,63.5,,3.5,37.7558,-122.4449
2013,11,Albuquerque,4.02,7,18.72%,20,81%,32,$64.33,6,,,,,2.69,11,,,,,,,,76,63.5,,3.5,35.1054,-106.6465
2013,11,Omaha,6.5,12,11.75%,12,76%,30,$57.46,5,,,,,3.79,17,,,,,,,,76,63.5,,3.5,41.2627,-96.0529
2013,14,Colorado,6.82,13,14.43%,15,68%,26,$61.67,6,,,,,3.48,15,,,,,,,,75,62.5,,3.5,38.8674,-104.7605
2013,14,Philadelphia,3.6,7,13.03%,13,91%,36,$54.46,4,,,,,3.39,15,,,,,,,,75,62.5,,3.5,40.0077,-75.1339
2013,16,Chicago,2,3,8.53%,8,90%,36,$138.67,17,,,,,2.43,9,,,,,,,,73,61,,3.5,41.8375,-87.6866
2013,17,Denver,6.29,12,6.03%,5,78%,30,$131.33,16,,,,,2.47,9,,,,,,,,72,60,,3.5,39.762,-104.8758
2013,18,Oakland,2.5,4,11.93%,12,85%,34,$122.33,15,,,,,1.87,6,,,,,,,,71,59,,3.5,37.7904,-122.2166
2013,19,Milwaukee,8.07,16,10.41%,10,87%,34,$70.67,7,,,,,1.2,2,,,,,,,,69,57.5,,3,43.0642,-87.9675
2013,20,Raleigh,4.09,8,13.75%,14,54%,18,$140.67,18,,,,,2.2,8,,,,,,,,66,55,,3,35.8324,-78.6429
2013,21,Baltimore,0.83,1,9.47%,9,85%,34,$61.18,6,,,,,3.22,14,,,,,,,,64,53.5,,3,39.3051,-76.6144
2013,22,Long,3.2,6,9.71%,9,78%,30,$125.00,15,,,,,1.49,3,,,,,,,,63,52.5,,3,33.7977,-118.167
2013,23,Kansas,2.93,7,8.64%,8,64%,24,$127.33,16,,,,,2.17,7,,,,,,,,62,51.5,,2.5,39.1238,-94.5541
2013,23,Phoenix,14.79,20,14.24%,14,46%,14,$111.67,13,,,,,1.14,1,,,,,,,,62,51.5,,2.5,33.5722,-112.0892
2013,25,Cleveland,3.59,7,6.29%,5,76%,30,$88.00,10,,,,,2.29,8,,,,,,,,60,50,,2.5,41.4764,-81.6805
2013,26,Dallas,7.2,14,10.71%,10,54%,18,$98.00,11,,,,,1.76,5,,,,,,,,58,48.5,,2.5,32.7935,-96.7667
2013,26,Austin,9.99,20,13.38%,13,49%,16,$66.33,6,,,,,1.37,3,,,,,,,,58,48.5,,2.5,30.3005,-97.7522
2013,26,Detroit,2.08,3,5.53%,4,77%,30,$28.33,1,,,,,4.32,20,,,,,,,,58,48.5,,2.5,42.3834,-83.1024
2013,29,Las,7.75,15,3.53%,2,46%,14,$230.00,20,,,,,1.94,6,,,,,,,,57,47.5,,2.5,36.2333,-115.2654
2013,30,Arlington,14,20,7.63%,7,53%,18,$76.33,8,,,,,1.31,2,,,,,,,,55,46,,2.5,32.6998,-97.125
2013,31,Tulsa,9.78,19,6.01%,5,55%,18,$38.50,2,,,,,2.58,10,,,,,,,,54,45,,2.5,36.1283,-95.9042
2013,31,Atlanta,2.95,5,5.61%,5,64%,24,$90.33,10,,,,,2.6,10,,,,,,,,54,45,,2.5,33.7628,-84.422
2013,33,Fort,7.43,14,5.34%,4,53%,18,$76.37,8,,,,,2.39,9,,,,,,,,53,44,,2,32.7817,-97.3474
2013,34,Los,5.45,10,16.25%,17,52%,18,$59.00,5,,,,,1.03,1,,,,,,,,51,42.5,,2,34.1141,-118.4068
2013,34,Wichita,10,20,4.54%,3,50%,16,$54.67,5,,,,,2.12,7,,,,,,,,51,42.5,,2,37.6895,-97.3443
2013,36,El,3.67,7,17.71%,18,49%,16,$31.67,1,,,,,2.34,8,,,,,,,,50,41.5,,2,31.8476,-106.43
2013,37,Columbus,6.59,13,7.80%,7,49%,16,$62.33,6,,,,,1.89,6,,,,,,,,48,40,,2,39.9862,-82.9855
2013,38,Tucson,4.21,8,2.68%,1,52%,18,$102.67,12,,,,,2.27,8,,,,,,,,47,39,,2,32.1541,-110.8787
2013,38,Miami,2.14,4,5.22%,4,72%,28,$75.97,8,,,,,1.43,3,,,,,,,,47,39,,2,25.784,-80.2101
2013,38,Nashville,13.25,20,7.10%,6,36%,8,$72.00,7,,,,,2.01,6,,,,,,,,47,39,,2,36.1715,-86.7842
2013,38,Houston,5.16,10,12.93%,13,46%,14,$43.33,3,,,,,2.06,7,,,,,,,,47,39,,2,29.786,-95.3885
2013,42,Memphis,10,20,4.53%,3,40%,10,$69.41,7,,,,,1.76,5,,,,,,,,45,37.5,,1.5,35.1087,-89.9663
2013,43,Oklahoma,6.7,13,5.63%,5,42%,12,$63.33,6,,,,,1.95,6,,,,,,,,42,35,,1.5,35.4676,-97.5136
2013,44,San,11.08,20,7.92%,7,33%,6,$56.00,5,,,,,1.3,2,,,,,,,,40,33.5,,1.5,37.7558,-122.4449
2013,44,Jacksonville,5.02,9,9.23%,9,31%,4,$44.85,3,,,,,3.47,15,,,,,,,,40,33.5,,1.5,30.3322,-81.6749
2013,46,Mesa,3.15,6,2.62%,1,60%,22,$69.33,7,,,,,1.37,3,,,,,,,,39,32.5,,1.5,33.4015,-111.7178
2013,47,Charlotte,16.97,20,5.01%,4,26%,2,$77.33,8,,,,,1.25,2,,,,,,,,36,30,,1,35.2083,-80.8303
2013,47,Indianapolis,10.25,20,4.83%,4,32%,6,$40.33,2,,,,,1.56,4,,,,,,,,36,30,,1,39.7771,-86.1458
2013,49,Louisville,7.25,14,7.08%,6,32%,6,$49.67,4,,,,,1.69,5,,,,,,,,35,29,,1,38.1663,-85.6485
2013,50,Fresno,4.89,9,2.08%,1,51%,16,$57.67,5,,,,,1.25,2,,,,,,,,33,27.5,,1,36.783,-119.7939
2012,1,San,2,4,17.90%,19,98%,40,$291.66,20,,,,,1.78,6,,,,,,,,89,74,,4.5,37.7558,-122.4449
2012,2,Sacramento,5.7,12,8.10%,8,77%,30,$156.62,18,,,,,3.88,20,,,,,,,,88,73.5,,4.5,38.5677,-121.4685
2012,3,New,1.1,2,19.60%,20,96%,40,$152.39,17,,,,,2.05,8,,,,,,,,87,72.5,,4,40.6943,-73.9249
2012,3,Boston,1.3,2,15.80%,17,97%,40,$105.70,11,,,,,3.44,17,,,,,,,,87,72.5,,4,42.3188,-71.0852
2012,5,Washington,0.7,1,19.10%,20,96%,40,$303.45,20,,,,,1.68,5,,,,,,,,86,71.5,,4,38.9047,-77.0163
2012,6,Portland,4.8,10,16.20%,17,78%,30,$162.45,18,,,,,2.12,8,,,,,,,,83,69,,4,45.5371,-122.65
2012,7,Virginia,4.1,8,15.90%,17,62%,22,$139.63,15,,,,,5,20,,,,,,,,82,68.5,,4,36.7335,-76.0435
2012,8,San,6.7,14,22.80%,20,75%,28,$121.47,13,,,,,1.78,6,,,,,,,,81,67.5,,4,37.7558,-122.4449
2012,9,Seattle,2.8,6,10.20%,10,90%,36,$260.77,20,,,,,2.11,8,,,,,,,,80,66.5,,4,47.6211,-122.3244
2012,10,Philadelphia,3.7,8,13.00%,14,91%,36,$65.71,5,,,,,3.34,16,,,,,,,,79,66,,4,40.0077,-75.1339
2012,11,Albuquerque,4,8,18.80%,20,81%,32,$60.11,5,,,,,2.78,13,,,,,,,,78,65,,3.5,35.1054,-106.6465
2012,12,San,3.7,8,14.10%,15,69%,26,$135.68,15,,,,,2.65,12,,,,,,,,76,63.5,,3.5,37.7558,-122.4449
2012,13,Denver,6.3,13,6.00%,6,79%,30,$122.38,13,,,,,2.42,10,,,,,,,,72,60,,3.5,39.762,-104.8758
2012,14,Chicago,2,4,8.50%,8,90%,36,$128.08,14,,,,,2.3,9,,,,,,,,71,59,,3.5,41.8375,-87.6866
2012,15,Baltimore,0.8,1,9.50%,10,85%,34,$62.63,5,,,,,3.14,15,,,,,,,,65,54,,3,39.3051,-76.6144
2012,16,Kansas,3.3,7,8.60%,9,64%,24,$135.06,15,,,,,2.17,9,,,,,,,,64,53.5,,3,39.1238,-94.5541
2012,16,Milwaukee,7.3,15,9.20%,9,87%,34,$59.54,4,,,,,1.19,2,,,,,,,,64,53.5,,3,43.0642,-87.9675
2012,16,Phoenix,14.6,20,14.20%,15,44%,14,$128.52,14,,,,,1.04,1,,,,,,,,64,53.5,,3,33.5722,-112.0892
2012,19,Long,3.2,7,10.30%,11,70%,26,$130.54,14,,,,,1.5,4,,,,,,,,62,51.5,,2.5,33.7977,-118.167
2012,19,Austin,10,20,15.20%,16,49%,16,$71.57,6,,,,,1.48,4,,,,,,,,62,51.5,,2.5,30.3005,-97.7522
2012,21,Dallas,7.2,15,10.70%,11,54%,18,$110.03,11,,,,,1.8,6,,,,,,,,61,51,,2.5,32.7935,-96.7667
2012,22,Detroit,2,4,5.70%,5,77%,30,$31.00,1,,,,,4.31,20,,,,,,,,60,50,,2.5,42.3834,-83.1024
2012,23,Las,7.9,16,3.50%,2,46%,14,$218.93,20,,,,,1.99,7,,,,,,,,59,49,,2.5,36.2333,-115.2654
2012,24,Fort,7.4,15,5.20%,5,52%,18,$76.16,7,,,,,2.3,9,,,,,,,,54,45,,2.5,32.7817,-97.3474
2012,25,Los,6.7,14,14.10%,15,52%,18,$55.14,4,,,,,1,1,,,,,,,,52,43.5,,2,34.1141,-118.4068
2012,26,Atlanta,3,6,5.60%,5,63%,22,$99.39,10,,,,,2.02,8,,,,,,,,51,42.5,,2,33.7628,-84.422
2012,27,El,3.7,8,18.00%,19,47%,14,$31.12,1,,,,,2.11,8,,,,,,,,50,41.5,,2,31.8476,-106.43
2012,27,Columbus,6.6,13,8.10%,8,49%,16,$68.94,6,,,,,1.9,7,,,,,,,,50,41.5,,2,39.9862,-82.9855
2012,29,Nashville,12.9,20,5.90%,5,36%,8,$91.33,9,,,,,1.88,7,,,,,,,,49,41,,2,36.1715,-86.7842
2012,30,Houston,5.2,11,12.90%,13,45%,14,$42.99,2,,,,,1.93,7,,,,,,,,47,39,,2,29.786,-95.3885
2012,31,Tucson,4.1,8,2.70%,1,52%,18,$100.64,10,,,,,2.17,9,,,,,,,,46,38.5,,2,32.1541,-110.8787
2012,31,Memphis,10,20,4.50%,4,40%,12,$60.32,5,,,,,1.68,5,,,,,,,,46,38.5,,2,35.1087,-89.9663
2012,33,Oklahoma,6.7,14,5.60%,5,43%,12,$61.02,5,,,,,2.02,8,,,,,,,,44,36.5,,1.5,35.4676,-97.5136
2012,34,Jacksonville,5,10,9.20%,9,30%,4,$44.82,2,,,,,3.5,18,,,,,,,,43,36,,1.5,30.3322,-81.6749
2012,35,San,11.1,20,7.90%,8,32%,6,$62.79,5,,,,,1.3,3,,,,,,,,42,35,,1.5,37.7558,-122.4449
2012,36,Indianapolis,10.3,20,4.80%,4,32%,6,$43.61,2,,,,,1.6,5,,,,,,,,37,31,,1.5,39.7771,-86.1458
2012,36,Mesa,3.2,7,2.60%,1,60%,22,$60.96,5,,,,,1.16,2,,,,,,,,37,31,,1.5,33.4015,-111.7178
2012,38,Louisville,7.3,15,6.70%,6,32%,6,$50.76,3,,,,,1.65,5,,,,,,,,35,29,,1,38.1663,-85.6485
2012,39,Charlotte,19.9,20,4.10%,3,26%,2,$78.94,7,,,,,1.25,2,,,,,,,,34,28.5,,1,35.2083,-80.8303
2012,40,Fresno,4.9,10,2.10%,1,35%,8,$54.98,4,,,,,1.35,3,,,,,,,,26,21.5,,0.5,36.783,-119.7939
